2024-12-03 14:54:46 [restartedMain] INFO  c.viajaYa.viajaYa.ViajaYaApplication - Starting ViajaYaApplication using Java 20.0.1 with PID 37704 (C:\Users\jacob\Documents\NetBeansProjects\viajaYa\target\classes started by jacob in C:\Users\jacob\Documents\NetBeansProjects\viajaYa)
2024-12-03 14:54:46 [restartedMain] INFO  c.viajaYa.viajaYa.ViajaYaApplication - No active profile set, falling back to 1 default profile: "default"
2024-12-03 14:54:46 [restartedMain] INFO  o.s.b.d.restart.ChangeableUrls - The Class-Path manifest attribute in C:\Users\jacob\.m2\repository\com\sun\xml\bind\jaxb-impl\2.3.1\jaxb-impl-2.3.1.jar referenced one or more files that do not exist: file:/C:/Users/jacob/.m2/repository/com/sun/xml/bind/jaxb-impl/2.3.1/jaxb-runtime-2.3.1.jar,file:/C:/Users/jacob/.m2/repository/com/sun/xml/bind/jaxb-impl/2.3.1/txw2-2.3.1.jar,file:/C:/Users/jacob/.m2/repository/com/sun/xml/bind/jaxb-impl/2.3.1/istack-commons-runtime-3.0.7.jar,file:/C:/Users/jacob/.m2/repository/com/sun/xml/bind/jaxb-impl/2.3.1/stax-ex-1.8.jar,file:/C:/Users/jacob/.m2/repository/com/sun/xml/bind/jaxb-impl/2.3.1/FastInfoset-1.2.15.jar,file:/C:/Users/jacob/.m2/repository/com/sun/xml/bind/jaxb-impl/2.3.1/javax.activation-api-1.2.0.jar
2024-12-03 14:54:46 [restartedMain] INFO  o.s.b.d.e.DevToolsPropertyDefaultsPostProcessor - Devtools property defaults active! Set 'spring.devtools.add-properties' to 'false' to disable
2024-12-03 14:54:46 [restartedMain] INFO  o.s.b.d.e.DevToolsPropertyDefaultsPostProcessor - For additional web related logging consider setting the 'logging.level.web' property to 'DEBUG'
2024-12-03 14:54:47 [restartedMain] INFO  o.s.d.r.c.RepositoryConfigurationDelegate - Bootstrapping Spring Data JPA repositories in DEFAULT mode.
2024-12-03 14:54:47 [restartedMain] INFO  o.s.d.r.c.RepositoryConfigurationDelegate - Finished Spring Data repository scanning in 120 ms. Found 12 JPA repository interfaces.
2024-12-03 14:54:49 [restartedMain] INFO  o.s.b.w.e.tomcat.TomcatWebServer - Tomcat initialized with port 5000 (http)
2024-12-03 14:54:49 [restartedMain] INFO  o.a.coyote.http11.Http11NioProtocol - Initializing ProtocolHandler ["http-nio-5000"]
2024-12-03 14:54:49 [restartedMain] INFO  o.a.catalina.core.StandardService - Starting service [Tomcat]
2024-12-03 14:54:49 [restartedMain] INFO  o.a.catalina.core.StandardEngine - Starting Servlet engine: [Apache Tomcat/10.1.31]
2024-12-03 14:54:49 [restartedMain] INFO  o.a.c.c.C.[Tomcat].[localhost].[/] - Initializing Spring embedded WebApplicationContext
2024-12-03 14:54:49 [restartedMain] INFO  o.s.b.w.s.c.ServletWebServerApplicationContext - Root WebApplicationContext: initialization completed in 2253 ms
2024-12-03 14:54:49 [restartedMain] INFO  o.h.jpa.internal.util.LogHelper - HHH000204: Processing PersistenceUnitInfo [name: default]
2024-12-03 14:54:49 [restartedMain] INFO  org.hibernate.Version - HHH000412: Hibernate ORM core version 6.5.3.Final
2024-12-03 14:54:49 [restartedMain] INFO  o.h.c.i.RegionFactoryInitiator - HHH000026: Second-level cache disabled
2024-12-03 14:54:49 [restartedMain] INFO  o.s.o.j.p.SpringPersistenceUnitInfo - No LoadTimeWeaver setup: ignoring JPA class transformer
2024-12-03 14:54:49 [restartedMain] INFO  com.zaxxer.hikari.HikariDataSource - HikariPool-1 - Starting...
2024-12-03 14:54:50 [restartedMain] INFO  com.zaxxer.hikari.pool.HikariPool - HikariPool-1 - Added connection com.mysql.cj.jdbc.ConnectionImpl@2cf4aa80
2024-12-03 14:54:50 [restartedMain] INFO  com.zaxxer.hikari.HikariDataSource - HikariPool-1 - Start completed.
2024-12-03 14:54:50 [restartedMain] WARN  org.hibernate.dialect.Dialect - HHH000511: The 5.5.5 version for [org.hibernate.dialect.MySQLDialect] is no longer supported, hence certain features may not work properly. The minimum supported version is 8.0.0. Check the community dialects project for available legacy versions.
2024-12-03 14:54:50 [restartedMain] WARN  org.hibernate.orm.deprecation - HHH90000025: MySQLDialect does not need to be specified explicitly using 'hibernate.dialect' (remove the property setting and it will be selected by default)
2024-12-03 14:54:51 [restartedMain] INFO  o.h.e.t.j.p.i.JtaPlatformInitiator - HHH000489: No JTA platform available (set 'hibernate.transaction.jta.platform' to enable JTA platform integration)
2024-12-03 14:54:51 [restartedMain] INFO  o.s.o.j.LocalContainerEntityManagerFactoryBean - Initialized JPA EntityManagerFactory for persistence unit 'default'
2024-12-03 14:54:51 [restartedMain] INFO  o.s.d.j.r.query.QueryEnhancerFactory - Hibernate is in classpath; If applicable, HQL parser will be used.
2024-12-03 14:54:52 [restartedMain] INFO  o.s.s.c.a.a.c.InitializeAuthenticationProviderBeanManagerConfigurer$InitializeAuthenticationProviderManagerConfigurer - Global AuthenticationManager configured with AuthenticationProvider bean with name authenticationProvider
2024-12-03 14:54:52 [restartedMain] WARN  o.s.s.c.a.a.c.InitializeUserDetailsBeanManagerConfigurer$InitializeUserDetailsManagerConfigurer - Global AuthenticationManager configured with an AuthenticationProvider bean. UserDetailsService beans will not be used for username/password login. Consider removing the AuthenticationProvider bean. Alternatively, consider using the UserDetailsService in a manually instantiated DaoAuthenticationProvider.
2024-12-03 14:54:52 [restartedMain] WARN  o.s.b.a.o.j.JpaBaseConfiguration$JpaWebConfiguration - spring.jpa.open-in-view is enabled by default. Therefore, database queries may be performed during view rendering. Explicitly configure spring.jpa.open-in-view to disable this warning
2024-12-03 14:54:53 [restartedMain] DEBUG o.s.w.s.m.m.a.RequestMappingHandlerMapping - 70 mappings in 'requestMappingHandlerMapping'
2024-12-03 14:54:53 [restartedMain] DEBUG o.s.w.s.c.a.WebMvcConfigurer - Default resource handling disabled
2024-12-03 14:54:53 [restartedMain] DEBUG o.s.w.s.m.m.a.RequestMappingHandlerAdapter - ControllerAdvice beans: 0 @ModelAttribute, 0 @InitBinder, 1 RequestBodyAdvice, 1 ResponseBodyAdvice
2024-12-03 14:54:53 [restartedMain] DEBUG o.s.w.s.m.m.a.ExceptionHandlerExceptionResolver - ControllerAdvice beans: 1 @ExceptionHandler, 1 ResponseBodyAdvice
2024-12-03 14:54:53 [restartedMain] INFO  o.s.b.d.a.OptionalLiveReloadServer - LiveReload server is running on port 35729
2024-12-03 14:54:53 [restartedMain] INFO  o.a.coyote.http11.Http11NioProtocol - Starting ProtocolHandler ["http-nio-5000"]
2024-12-03 14:54:53 [restartedMain] INFO  o.s.b.w.e.tomcat.TomcatWebServer - Tomcat started on port 5000 (http) with context path '/'
2024-12-03 14:54:53 [restartedMain] INFO  c.viajaYa.viajaYa.ViajaYaApplication - Started ViajaYaApplication in 7.425 seconds (process running for 7.928)
2024-12-03 14:55:14 [http-nio-5000-exec-2] INFO  o.a.c.c.C.[Tomcat].[localhost].[/] - Initializing Spring DispatcherServlet 'dispatcherServlet'
2024-12-03 14:55:14 [http-nio-5000-exec-2] INFO  o.s.web.servlet.DispatcherServlet - Initializing Servlet 'dispatcherServlet'
2024-12-03 14:55:14 [http-nio-5000-exec-2] DEBUG o.s.web.servlet.DispatcherServlet - Detected StandardServletMultipartResolver
2024-12-03 14:55:14 [http-nio-5000-exec-2] DEBUG o.s.web.servlet.DispatcherServlet - Detected AcceptHeaderLocaleResolver
2024-12-03 14:55:14 [http-nio-5000-exec-2] DEBUG o.s.web.servlet.DispatcherServlet - Detected FixedThemeResolver
2024-12-03 14:55:14 [http-nio-5000-exec-2] DEBUG o.s.web.servlet.DispatcherServlet - Detected org.springframework.web.servlet.view.DefaultRequestToViewNameTranslator@bf36dae
2024-12-03 14:55:14 [http-nio-5000-exec-2] DEBUG o.s.web.servlet.DispatcherServlet - Detected org.springframework.web.servlet.support.SessionFlashMapManager@7d456974
2024-12-03 14:55:14 [http-nio-5000-exec-2] DEBUG o.s.web.servlet.DispatcherServlet - enableLoggingRequestDetails='false': request parameters and headers will be masked to prevent unsafe logging of potentially sensitive data
2024-12-03 14:55:14 [http-nio-5000-exec-2] INFO  o.s.web.servlet.DispatcherServlet - Completed initialization in 1 ms
2024-12-03 14:55:14 [http-nio-5000-exec-2] DEBUG o.s.web.servlet.DispatcherServlet - GET "/vuelo", parameters={}
2024-12-03 14:55:14 [http-nio-5000-exec-2] DEBUG o.s.w.s.m.m.a.RequestMappingHandlerMapping - Mapped to com.viajaYa.viajaYa.controllers.VueloController#getVuelos()
2024-12-03 14:55:14 [http-nio-5000-exec-2] INFO  c.v.viajaYa.utils.ApplicationLogger - Request: URL=/vuelo, Method=GET, Params=[]
2024-12-03 14:55:14 [http-nio-5000-exec-2] DEBUG o.s.w.s.m.m.a.HttpEntityMethodProcessor - Using 'application/json', given [*/*] and supported [application/json, application/*+json]
2024-12-03 14:55:14 [http-nio-5000-exec-2] DEBUG o.s.w.s.m.m.a.HttpEntityMethodProcessor - Writing [com.viajaYa.viajaYa.utils.responses.ApiResponse@495e0b8d]
2024-12-03 14:55:14 [http-nio-5000-exec-2] DEBUG o.s.web.servlet.DispatcherServlet - Completed 200 OK
2024-12-03 14:58:26 [SpringApplicationShutdownHook] INFO  o.s.o.j.LocalContainerEntityManagerFactoryBean - Closing JPA EntityManagerFactory for persistence unit 'default'
2024-12-03 14:58:26 [SpringApplicationShutdownHook] INFO  com.zaxxer.hikari.HikariDataSource - HikariPool-1 - Shutdown initiated...
2024-12-03 14:58:26 [SpringApplicationShutdownHook] INFO  com.zaxxer.hikari.HikariDataSource - HikariPool-1 - Shutdown completed.
2024-12-03 14:58:31 [restartedMain] INFO  c.viajaYa.viajaYa.ViajaYaApplication - Starting ViajaYaApplication using Java 20.0.1 with PID 24328 (C:\Users\jacob\Documents\NetBeansProjects\viajaYa\target\classes started by jacob in C:\Users\jacob\Documents\NetBeansProjects\viajaYa)
2024-12-03 14:58:31 [restartedMain] INFO  c.viajaYa.viajaYa.ViajaYaApplication - No active profile set, falling back to 1 default profile: "default"
2024-12-03 14:58:31 [restartedMain] INFO  o.s.b.d.restart.ChangeableUrls - The Class-Path manifest attribute in C:\Users\jacob\.m2\repository\com\sun\xml\bind\jaxb-impl\2.3.1\jaxb-impl-2.3.1.jar referenced one or more files that do not exist: file:/C:/Users/jacob/.m2/repository/com/sun/xml/bind/jaxb-impl/2.3.1/jaxb-runtime-2.3.1.jar,file:/C:/Users/jacob/.m2/repository/com/sun/xml/bind/jaxb-impl/2.3.1/txw2-2.3.1.jar,file:/C:/Users/jacob/.m2/repository/com/sun/xml/bind/jaxb-impl/2.3.1/istack-commons-runtime-3.0.7.jar,file:/C:/Users/jacob/.m2/repository/com/sun/xml/bind/jaxb-impl/2.3.1/stax-ex-1.8.jar,file:/C:/Users/jacob/.m2/repository/com/sun/xml/bind/jaxb-impl/2.3.1/FastInfoset-1.2.15.jar,file:/C:/Users/jacob/.m2/repository/com/sun/xml/bind/jaxb-impl/2.3.1/javax.activation-api-1.2.0.jar
2024-12-03 14:58:31 [restartedMain] INFO  o.s.b.d.e.DevToolsPropertyDefaultsPostProcessor - Devtools property defaults active! Set 'spring.devtools.add-properties' to 'false' to disable
2024-12-03 14:58:31 [restartedMain] INFO  o.s.b.d.e.DevToolsPropertyDefaultsPostProcessor - For additional web related logging consider setting the 'logging.level.web' property to 'DEBUG'
2024-12-03 14:58:32 [restartedMain] INFO  o.s.d.r.c.RepositoryConfigurationDelegate - Bootstrapping Spring Data JPA repositories in DEFAULT mode.
2024-12-03 14:58:32 [restartedMain] INFO  o.s.d.r.c.RepositoryConfigurationDelegate - Finished Spring Data repository scanning in 107 ms. Found 12 JPA repository interfaces.
2024-12-03 14:58:33 [restartedMain] INFO  o.s.b.w.e.tomcat.TomcatWebServer - Tomcat initialized with port 5000 (http)
2024-12-03 14:58:33 [restartedMain] INFO  o.a.coyote.http11.Http11NioProtocol - Initializing ProtocolHandler ["http-nio-5000"]
2024-12-03 14:58:33 [restartedMain] INFO  o.a.catalina.core.StandardService - Starting service [Tomcat]
2024-12-03 14:58:33 [restartedMain] INFO  o.a.catalina.core.StandardEngine - Starting Servlet engine: [Apache Tomcat/10.1.31]
2024-12-03 14:58:33 [restartedMain] INFO  o.a.c.c.C.[Tomcat].[localhost].[/] - Initializing Spring embedded WebApplicationContext
2024-12-03 14:58:33 [restartedMain] INFO  o.s.b.w.s.c.ServletWebServerApplicationContext - Root WebApplicationContext: initialization completed in 2215 ms
2024-12-03 14:58:34 [restartedMain] INFO  o.h.jpa.internal.util.LogHelper - HHH000204: Processing PersistenceUnitInfo [name: default]
2024-12-03 14:58:34 [restartedMain] INFO  org.hibernate.Version - HHH000412: Hibernate ORM core version 6.5.3.Final
2024-12-03 14:58:34 [restartedMain] INFO  o.h.c.i.RegionFactoryInitiator - HHH000026: Second-level cache disabled
2024-12-03 14:58:34 [restartedMain] INFO  o.s.o.j.p.SpringPersistenceUnitInfo - No LoadTimeWeaver setup: ignoring JPA class transformer
2024-12-03 14:58:34 [restartedMain] INFO  com.zaxxer.hikari.HikariDataSource - HikariPool-1 - Starting...
2024-12-03 14:58:34 [restartedMain] INFO  com.zaxxer.hikari.pool.HikariPool - HikariPool-1 - Added connection com.mysql.cj.jdbc.ConnectionImpl@40aed806
2024-12-03 14:58:34 [restartedMain] INFO  com.zaxxer.hikari.HikariDataSource - HikariPool-1 - Start completed.
2024-12-03 14:58:34 [restartedMain] WARN  org.hibernate.dialect.Dialect - HHH000511: The 5.5.5 version for [org.hibernate.dialect.MySQLDialect] is no longer supported, hence certain features may not work properly. The minimum supported version is 8.0.0. Check the community dialects project for available legacy versions.
2024-12-03 14:58:34 [restartedMain] WARN  org.hibernate.orm.deprecation - HHH90000025: MySQLDialect does not need to be specified explicitly using 'hibernate.dialect' (remove the property setting and it will be selected by default)
2024-12-03 14:58:35 [restartedMain] INFO  o.h.e.t.j.p.i.JtaPlatformInitiator - HHH000489: No JTA platform available (set 'hibernate.transaction.jta.platform' to enable JTA platform integration)
2024-12-03 14:58:35 [restartedMain] INFO  o.s.o.j.LocalContainerEntityManagerFactoryBean - Initialized JPA EntityManagerFactory for persistence unit 'default'
2024-12-03 14:58:36 [restartedMain] INFO  o.s.d.j.r.query.QueryEnhancerFactory - Hibernate is in classpath; If applicable, HQL parser will be used.
2024-12-03 14:58:36 [restartedMain] INFO  o.s.s.c.a.a.c.InitializeAuthenticationProviderBeanManagerConfigurer$InitializeAuthenticationProviderManagerConfigurer - Global AuthenticationManager configured with AuthenticationProvider bean with name authenticationProvider
2024-12-03 14:58:36 [restartedMain] WARN  o.s.s.c.a.a.c.InitializeUserDetailsBeanManagerConfigurer$InitializeUserDetailsManagerConfigurer - Global AuthenticationManager configured with an AuthenticationProvider bean. UserDetailsService beans will not be used for username/password login. Consider removing the AuthenticationProvider bean. Alternatively, consider using the UserDetailsService in a manually instantiated DaoAuthenticationProvider.
2024-12-03 14:58:37 [restartedMain] WARN  o.s.b.a.o.j.JpaBaseConfiguration$JpaWebConfiguration - spring.jpa.open-in-view is enabled by default. Therefore, database queries may be performed during view rendering. Explicitly configure spring.jpa.open-in-view to disable this warning
2024-12-03 14:58:37 [restartedMain] DEBUG o.s.w.s.m.m.a.RequestMappingHandlerMapping - 70 mappings in 'requestMappingHandlerMapping'
2024-12-03 14:58:37 [restartedMain] DEBUG o.s.w.s.c.a.WebMvcConfigurer - Default resource handling disabled
2024-12-03 14:58:38 [restartedMain] DEBUG o.s.w.s.m.m.a.RequestMappingHandlerAdapter - ControllerAdvice beans: 0 @ModelAttribute, 0 @InitBinder, 1 RequestBodyAdvice, 1 ResponseBodyAdvice
2024-12-03 14:58:38 [restartedMain] DEBUG o.s.w.s.m.m.a.ExceptionHandlerExceptionResolver - ControllerAdvice beans: 1 @ExceptionHandler, 1 ResponseBodyAdvice
2024-12-03 14:58:38 [restartedMain] INFO  o.s.b.d.a.OptionalLiveReloadServer - LiveReload server is running on port 35729
2024-12-03 14:58:38 [restartedMain] INFO  o.a.coyote.http11.Http11NioProtocol - Starting ProtocolHandler ["http-nio-5000"]
2024-12-03 14:58:38 [restartedMain] INFO  o.s.b.w.e.tomcat.TomcatWebServer - Tomcat started on port 5000 (http) with context path '/'
2024-12-03 14:58:38 [restartedMain] INFO  c.viajaYa.viajaYa.ViajaYaApplication - Started ViajaYaApplication in 7.056 seconds (process running for 7.504)
2024-12-03 14:58:46 [http-nio-5000-exec-2] INFO  o.a.c.c.C.[Tomcat].[localhost].[/] - Initializing Spring DispatcherServlet 'dispatcherServlet'
2024-12-03 14:58:46 [http-nio-5000-exec-2] INFO  o.s.web.servlet.DispatcherServlet - Initializing Servlet 'dispatcherServlet'
2024-12-03 14:58:46 [http-nio-5000-exec-2] DEBUG o.s.web.servlet.DispatcherServlet - Detected StandardServletMultipartResolver
2024-12-03 14:58:46 [http-nio-5000-exec-2] DEBUG o.s.web.servlet.DispatcherServlet - Detected AcceptHeaderLocaleResolver
2024-12-03 14:58:46 [http-nio-5000-exec-2] DEBUG o.s.web.servlet.DispatcherServlet - Detected FixedThemeResolver
2024-12-03 14:58:46 [http-nio-5000-exec-2] DEBUG o.s.web.servlet.DispatcherServlet - Detected org.springframework.web.servlet.view.DefaultRequestToViewNameTranslator@2f29ae68
2024-12-03 14:58:46 [http-nio-5000-exec-2] DEBUG o.s.web.servlet.DispatcherServlet - Detected org.springframework.web.servlet.support.SessionFlashMapManager@58f08bb0
2024-12-03 14:58:46 [http-nio-5000-exec-2] DEBUG o.s.web.servlet.DispatcherServlet - enableLoggingRequestDetails='false': request parameters and headers will be masked to prevent unsafe logging of potentially sensitive data
2024-12-03 14:58:46 [http-nio-5000-exec-2] INFO  o.s.web.servlet.DispatcherServlet - Completed initialization in 2 ms
2024-12-03 14:58:46 [http-nio-5000-exec-2] DEBUG o.s.web.servlet.DispatcherServlet - GET "/vuelo", parameters={}
2024-12-03 14:58:46 [http-nio-5000-exec-2] DEBUG o.s.w.s.m.m.a.RequestMappingHandlerMapping - Mapped to com.viajaYa.viajaYa.controllers.VueloController#getVuelos()
2024-12-03 14:58:46 [http-nio-5000-exec-2] INFO  c.v.viajaYa.utils.ApplicationLogger - Request: URL=/vuelo, Method=GET, Params=[]
2024-12-03 14:58:46 [http-nio-5000-exec-2] DEBUG o.s.w.s.m.m.a.HttpEntityMethodProcessor - Using 'application/json', given [*/*] and supported [application/json, application/*+json]
2024-12-03 14:58:46 [http-nio-5000-exec-2] DEBUG o.s.w.s.m.m.a.HttpEntityMethodProcessor - Writing [com.viajaYa.viajaYa.utils.responses.ApiResponse@4272ae5f]
2024-12-03 14:58:46 [http-nio-5000-exec-2] DEBUG o.s.web.servlet.DispatcherServlet - Completed 200 OK
2024-12-03 15:15:59 [SpringApplicationShutdownHook] INFO  o.s.o.j.LocalContainerEntityManagerFactoryBean - Closing JPA EntityManagerFactory for persistence unit 'default'
2024-12-03 15:15:59 [SpringApplicationShutdownHook] INFO  com.zaxxer.hikari.HikariDataSource - HikariPool-1 - Shutdown initiated...
2024-12-03 15:15:59 [SpringApplicationShutdownHook] INFO  com.zaxxer.hikari.HikariDataSource - HikariPool-1 - Shutdown completed.
2024-12-03 15:16:04 [restartedMain] INFO  c.viajaYa.viajaYa.ViajaYaApplication - Starting ViajaYaApplication using Java 20.0.1 with PID 6360 (C:\Users\jacob\Documents\NetBeansProjects\viajaYa\target\classes started by jacob in C:\Users\jacob\Documents\NetBeansProjects\viajaYa)
2024-12-03 15:16:04 [restartedMain] INFO  c.viajaYa.viajaYa.ViajaYaApplication - No active profile set, falling back to 1 default profile: "default"
2024-12-03 15:16:04 [restartedMain] INFO  o.s.b.d.restart.ChangeableUrls - The Class-Path manifest attribute in C:\Users\jacob\.m2\repository\com\sun\xml\bind\jaxb-impl\2.3.1\jaxb-impl-2.3.1.jar referenced one or more files that do not exist: file:/C:/Users/jacob/.m2/repository/com/sun/xml/bind/jaxb-impl/2.3.1/jaxb-runtime-2.3.1.jar,file:/C:/Users/jacob/.m2/repository/com/sun/xml/bind/jaxb-impl/2.3.1/txw2-2.3.1.jar,file:/C:/Users/jacob/.m2/repository/com/sun/xml/bind/jaxb-impl/2.3.1/istack-commons-runtime-3.0.7.jar,file:/C:/Users/jacob/.m2/repository/com/sun/xml/bind/jaxb-impl/2.3.1/stax-ex-1.8.jar,file:/C:/Users/jacob/.m2/repository/com/sun/xml/bind/jaxb-impl/2.3.1/FastInfoset-1.2.15.jar,file:/C:/Users/jacob/.m2/repository/com/sun/xml/bind/jaxb-impl/2.3.1/javax.activation-api-1.2.0.jar
2024-12-03 15:16:04 [restartedMain] INFO  o.s.b.d.e.DevToolsPropertyDefaultsPostProcessor - Devtools property defaults active! Set 'spring.devtools.add-properties' to 'false' to disable
2024-12-03 15:16:04 [restartedMain] INFO  o.s.b.d.e.DevToolsPropertyDefaultsPostProcessor - For additional web related logging consider setting the 'logging.level.web' property to 'DEBUG'
2024-12-03 15:16:05 [restartedMain] INFO  o.s.d.r.c.RepositoryConfigurationDelegate - Bootstrapping Spring Data JPA repositories in DEFAULT mode.
2024-12-03 15:16:05 [restartedMain] INFO  o.s.d.r.c.RepositoryConfigurationDelegate - Finished Spring Data repository scanning in 102 ms. Found 12 JPA repository interfaces.
2024-12-03 15:16:06 [restartedMain] INFO  o.s.b.w.e.tomcat.TomcatWebServer - Tomcat initialized with port 5000 (http)
2024-12-03 15:16:06 [restartedMain] INFO  o.a.coyote.http11.Http11NioProtocol - Initializing ProtocolHandler ["http-nio-5000"]
2024-12-03 15:16:06 [restartedMain] INFO  o.a.catalina.core.StandardService - Starting service [Tomcat]
2024-12-03 15:16:06 [restartedMain] INFO  o.a.catalina.core.StandardEngine - Starting Servlet engine: [Apache Tomcat/10.1.31]
2024-12-03 15:16:06 [restartedMain] INFO  o.a.c.c.C.[Tomcat].[localhost].[/] - Initializing Spring embedded WebApplicationContext
2024-12-03 15:16:06 [restartedMain] INFO  o.s.b.w.s.c.ServletWebServerApplicationContext - Root WebApplicationContext: initialization completed in 2279 ms
2024-12-03 15:16:06 [restartedMain] INFO  o.h.jpa.internal.util.LogHelper - HHH000204: Processing PersistenceUnitInfo [name: default]
2024-12-03 15:16:07 [restartedMain] INFO  org.hibernate.Version - HHH000412: Hibernate ORM core version 6.5.3.Final
2024-12-03 15:16:07 [restartedMain] INFO  o.h.c.i.RegionFactoryInitiator - HHH000026: Second-level cache disabled
2024-12-03 15:16:07 [restartedMain] INFO  o.s.o.j.p.SpringPersistenceUnitInfo - No LoadTimeWeaver setup: ignoring JPA class transformer
2024-12-03 15:16:07 [restartedMain] INFO  com.zaxxer.hikari.HikariDataSource - HikariPool-1 - Starting...
2024-12-03 15:16:07 [restartedMain] INFO  com.zaxxer.hikari.pool.HikariPool - HikariPool-1 - Added connection com.mysql.cj.jdbc.ConnectionImpl@575fab5d
2024-12-03 15:16:07 [restartedMain] INFO  com.zaxxer.hikari.HikariDataSource - HikariPool-1 - Start completed.
2024-12-03 15:16:07 [restartedMain] WARN  org.hibernate.dialect.Dialect - HHH000511: The 5.5.5 version for [org.hibernate.dialect.MySQLDialect] is no longer supported, hence certain features may not work properly. The minimum supported version is 8.0.0. Check the community dialects project for available legacy versions.
2024-12-03 15:16:07 [restartedMain] WARN  org.hibernate.orm.deprecation - HHH90000025: MySQLDialect does not need to be specified explicitly using 'hibernate.dialect' (remove the property setting and it will be selected by default)
2024-12-03 15:16:08 [restartedMain] INFO  o.h.e.t.j.p.i.JtaPlatformInitiator - HHH000489: No JTA platform available (set 'hibernate.transaction.jta.platform' to enable JTA platform integration)
2024-12-03 15:16:08 [restartedMain] INFO  o.s.o.j.LocalContainerEntityManagerFactoryBean - Initialized JPA EntityManagerFactory for persistence unit 'default'
2024-12-03 15:16:09 [restartedMain] INFO  o.s.d.j.r.query.QueryEnhancerFactory - Hibernate is in classpath; If applicable, HQL parser will be used.
2024-12-03 15:16:09 [restartedMain] INFO  o.s.s.c.a.a.c.InitializeAuthenticationProviderBeanManagerConfigurer$InitializeAuthenticationProviderManagerConfigurer - Global AuthenticationManager configured with AuthenticationProvider bean with name authenticationProvider
2024-12-03 15:16:09 [restartedMain] WARN  o.s.s.c.a.a.c.InitializeUserDetailsBeanManagerConfigurer$InitializeUserDetailsManagerConfigurer - Global AuthenticationManager configured with an AuthenticationProvider bean. UserDetailsService beans will not be used for username/password login. Consider removing the AuthenticationProvider bean. Alternatively, consider using the UserDetailsService in a manually instantiated DaoAuthenticationProvider.
2024-12-03 15:16:10 [restartedMain] WARN  o.s.b.a.o.j.JpaBaseConfiguration$JpaWebConfiguration - spring.jpa.open-in-view is enabled by default. Therefore, database queries may be performed during view rendering. Explicitly configure spring.jpa.open-in-view to disable this warning
2024-12-03 15:16:10 [restartedMain] DEBUG o.s.w.s.m.m.a.RequestMappingHandlerMapping - 70 mappings in 'requestMappingHandlerMapping'
2024-12-03 15:16:10 [restartedMain] DEBUG o.s.w.s.c.a.WebMvcConfigurer - Default resource handling disabled
2024-12-03 15:16:10 [restartedMain] DEBUG o.s.w.s.m.m.a.RequestMappingHandlerAdapter - ControllerAdvice beans: 0 @ModelAttribute, 0 @InitBinder, 1 RequestBodyAdvice, 1 ResponseBodyAdvice
2024-12-03 15:16:10 [restartedMain] DEBUG o.s.w.s.m.m.a.ExceptionHandlerExceptionResolver - ControllerAdvice beans: 1 @ExceptionHandler, 1 ResponseBodyAdvice
2024-12-03 15:16:11 [restartedMain] INFO  o.s.b.d.a.OptionalLiveReloadServer - LiveReload server is running on port 35729
2024-12-03 15:16:11 [restartedMain] INFO  o.a.coyote.http11.Http11NioProtocol - Starting ProtocolHandler ["http-nio-5000"]
2024-12-03 15:16:11 [restartedMain] INFO  o.s.b.w.e.tomcat.TomcatWebServer - Tomcat started on port 5000 (http) with context path '/'
2024-12-03 15:16:11 [restartedMain] INFO  c.viajaYa.viajaYa.ViajaYaApplication - Started ViajaYaApplication in 7.155 seconds (process running for 7.639)
2024-12-03 15:16:27 [SpringApplicationShutdownHook] INFO  o.s.o.j.LocalContainerEntityManagerFactoryBean - Closing JPA EntityManagerFactory for persistence unit 'default'
2024-12-03 15:16:27 [SpringApplicationShutdownHook] INFO  com.zaxxer.hikari.HikariDataSource - HikariPool-1 - Shutdown initiated...
2024-12-03 15:16:27 [SpringApplicationShutdownHook] INFO  com.zaxxer.hikari.HikariDataSource - HikariPool-1 - Shutdown completed.
2024-12-03 15:16:31 [restartedMain] INFO  c.viajaYa.viajaYa.ViajaYaApplication - Starting ViajaYaApplication using Java 20.0.1 with PID 35448 (C:\Users\jacob\Documents\NetBeansProjects\viajaYa\target\classes started by jacob in C:\Users\jacob\Documents\NetBeansProjects\viajaYa)
2024-12-03 15:16:31 [restartedMain] INFO  c.viajaYa.viajaYa.ViajaYaApplication - No active profile set, falling back to 1 default profile: "default"
2024-12-03 15:16:31 [restartedMain] INFO  o.s.b.d.restart.ChangeableUrls - The Class-Path manifest attribute in C:\Users\jacob\.m2\repository\com\sun\xml\bind\jaxb-impl\2.3.1\jaxb-impl-2.3.1.jar referenced one or more files that do not exist: file:/C:/Users/jacob/.m2/repository/com/sun/xml/bind/jaxb-impl/2.3.1/jaxb-runtime-2.3.1.jar,file:/C:/Users/jacob/.m2/repository/com/sun/xml/bind/jaxb-impl/2.3.1/txw2-2.3.1.jar,file:/C:/Users/jacob/.m2/repository/com/sun/xml/bind/jaxb-impl/2.3.1/istack-commons-runtime-3.0.7.jar,file:/C:/Users/jacob/.m2/repository/com/sun/xml/bind/jaxb-impl/2.3.1/stax-ex-1.8.jar,file:/C:/Users/jacob/.m2/repository/com/sun/xml/bind/jaxb-impl/2.3.1/FastInfoset-1.2.15.jar,file:/C:/Users/jacob/.m2/repository/com/sun/xml/bind/jaxb-impl/2.3.1/javax.activation-api-1.2.0.jar
2024-12-03 15:16:31 [restartedMain] INFO  o.s.b.d.e.DevToolsPropertyDefaultsPostProcessor - Devtools property defaults active! Set 'spring.devtools.add-properties' to 'false' to disable
2024-12-03 15:16:31 [restartedMain] INFO  o.s.b.d.e.DevToolsPropertyDefaultsPostProcessor - For additional web related logging consider setting the 'logging.level.web' property to 'DEBUG'
2024-12-03 15:16:32 [restartedMain] INFO  o.s.d.r.c.RepositoryConfigurationDelegate - Bootstrapping Spring Data JPA repositories in DEFAULT mode.
2024-12-03 15:16:32 [restartedMain] INFO  o.s.d.r.c.RepositoryConfigurationDelegate - Finished Spring Data repository scanning in 95 ms. Found 12 JPA repository interfaces.
2024-12-03 15:16:33 [restartedMain] INFO  o.s.b.w.e.tomcat.TomcatWebServer - Tomcat initialized with port 5000 (http)
2024-12-03 15:16:33 [restartedMain] INFO  o.a.coyote.http11.Http11NioProtocol - Initializing ProtocolHandler ["http-nio-5000"]
2024-12-03 15:16:33 [restartedMain] INFO  o.a.catalina.core.StandardService - Starting service [Tomcat]
2024-12-03 15:16:33 [restartedMain] INFO  o.a.catalina.core.StandardEngine - Starting Servlet engine: [Apache Tomcat/10.1.31]
2024-12-03 15:16:33 [restartedMain] INFO  o.a.c.c.C.[Tomcat].[localhost].[/] - Initializing Spring embedded WebApplicationContext
2024-12-03 15:16:33 [restartedMain] INFO  o.s.b.w.s.c.ServletWebServerApplicationContext - Root WebApplicationContext: initialization completed in 1981 ms
2024-12-03 15:16:33 [restartedMain] INFO  o.h.jpa.internal.util.LogHelper - HHH000204: Processing PersistenceUnitInfo [name: default]
2024-12-03 15:16:33 [restartedMain] INFO  org.hibernate.Version - HHH000412: Hibernate ORM core version 6.5.3.Final
2024-12-03 15:16:33 [restartedMain] INFO  o.h.c.i.RegionFactoryInitiator - HHH000026: Second-level cache disabled
2024-12-03 15:16:33 [restartedMain] INFO  o.s.o.j.p.SpringPersistenceUnitInfo - No LoadTimeWeaver setup: ignoring JPA class transformer
2024-12-03 15:16:33 [restartedMain] INFO  com.zaxxer.hikari.HikariDataSource - HikariPool-1 - Starting...
2024-12-03 15:16:33 [restartedMain] INFO  com.zaxxer.hikari.pool.HikariPool - HikariPool-1 - Added connection com.mysql.cj.jdbc.ConnectionImpl@2121f096
2024-12-03 15:16:33 [restartedMain] INFO  com.zaxxer.hikari.HikariDataSource - HikariPool-1 - Start completed.
2024-12-03 15:16:33 [restartedMain] WARN  org.hibernate.dialect.Dialect - HHH000511: The 5.5.5 version for [org.hibernate.dialect.MySQLDialect] is no longer supported, hence certain features may not work properly. The minimum supported version is 8.0.0. Check the community dialects project for available legacy versions.
2024-12-03 15:16:34 [restartedMain] WARN  org.hibernate.orm.deprecation - HHH90000025: MySQLDialect does not need to be specified explicitly using 'hibernate.dialect' (remove the property setting and it will be selected by default)
2024-12-03 15:16:34 [restartedMain] INFO  o.h.e.t.j.p.i.JtaPlatformInitiator - HHH000489: No JTA platform available (set 'hibernate.transaction.jta.platform' to enable JTA platform integration)
2024-12-03 15:16:34 [restartedMain] INFO  o.s.o.j.LocalContainerEntityManagerFactoryBean - Initialized JPA EntityManagerFactory for persistence unit 'default'
2024-12-03 15:16:35 [restartedMain] INFO  o.s.d.j.r.query.QueryEnhancerFactory - Hibernate is in classpath; If applicable, HQL parser will be used.
2024-12-03 15:16:36 [restartedMain] INFO  o.s.s.c.a.a.c.InitializeAuthenticationProviderBeanManagerConfigurer$InitializeAuthenticationProviderManagerConfigurer - Global AuthenticationManager configured with AuthenticationProvider bean with name authenticationProvider
2024-12-03 15:16:36 [restartedMain] WARN  o.s.s.c.a.a.c.InitializeUserDetailsBeanManagerConfigurer$InitializeUserDetailsManagerConfigurer - Global AuthenticationManager configured with an AuthenticationProvider bean. UserDetailsService beans will not be used for username/password login. Consider removing the AuthenticationProvider bean. Alternatively, consider using the UserDetailsService in a manually instantiated DaoAuthenticationProvider.
2024-12-03 15:16:36 [restartedMain] WARN  o.s.b.a.o.j.JpaBaseConfiguration$JpaWebConfiguration - spring.jpa.open-in-view is enabled by default. Therefore, database queries may be performed during view rendering. Explicitly configure spring.jpa.open-in-view to disable this warning
2024-12-03 15:16:36 [restartedMain] DEBUG o.s.w.s.m.m.a.RequestMappingHandlerMapping - 70 mappings in 'requestMappingHandlerMapping'
2024-12-03 15:16:36 [restartedMain] DEBUG o.s.w.s.c.a.WebMvcConfigurer - Default resource handling disabled
2024-12-03 15:16:37 [restartedMain] DEBUG o.s.w.s.m.m.a.RequestMappingHandlerAdapter - ControllerAdvice beans: 0 @ModelAttribute, 0 @InitBinder, 1 RequestBodyAdvice, 1 ResponseBodyAdvice
2024-12-03 15:16:37 [restartedMain] DEBUG o.s.w.s.m.m.a.ExceptionHandlerExceptionResolver - ControllerAdvice beans: 1 @ExceptionHandler, 1 ResponseBodyAdvice
2024-12-03 15:16:37 [restartedMain] INFO  o.s.b.d.a.OptionalLiveReloadServer - LiveReload server is running on port 35729
2024-12-03 15:16:37 [restartedMain] INFO  o.a.coyote.http11.Http11NioProtocol - Starting ProtocolHandler ["http-nio-5000"]
2024-12-03 15:16:37 [restartedMain] INFO  o.s.b.w.e.tomcat.TomcatWebServer - Tomcat started on port 5000 (http) with context path '/'
2024-12-03 15:16:37 [restartedMain] INFO  c.viajaYa.viajaYa.ViajaYaApplication - Started ViajaYaApplication in 6.742 seconds (process running for 7.293)
2024-12-03 15:16:45 [http-nio-5000-exec-4] INFO  o.a.c.c.C.[Tomcat].[localhost].[/] - Initializing Spring DispatcherServlet 'dispatcherServlet'
2024-12-03 15:16:45 [http-nio-5000-exec-4] INFO  o.s.web.servlet.DispatcherServlet - Initializing Servlet 'dispatcherServlet'
2024-12-03 15:16:45 [http-nio-5000-exec-4] DEBUG o.s.web.servlet.DispatcherServlet - Detected StandardServletMultipartResolver
2024-12-03 15:16:45 [http-nio-5000-exec-4] DEBUG o.s.web.servlet.DispatcherServlet - Detected AcceptHeaderLocaleResolver
2024-12-03 15:16:45 [http-nio-5000-exec-4] DEBUG o.s.web.servlet.DispatcherServlet - Detected FixedThemeResolver
2024-12-03 15:16:45 [http-nio-5000-exec-4] DEBUG o.s.web.servlet.DispatcherServlet - Detected org.springframework.web.servlet.view.DefaultRequestToViewNameTranslator@9f16cd3
2024-12-03 15:16:45 [http-nio-5000-exec-4] DEBUG o.s.web.servlet.DispatcherServlet - Detected org.springframework.web.servlet.support.SessionFlashMapManager@4f1596cc
2024-12-03 15:16:45 [http-nio-5000-exec-4] DEBUG o.s.web.servlet.DispatcherServlet - enableLoggingRequestDetails='false': request parameters and headers will be masked to prevent unsafe logging of potentially sensitive data
2024-12-03 15:16:45 [http-nio-5000-exec-4] INFO  o.s.web.servlet.DispatcherServlet - Completed initialization in 3 ms
2024-12-03 15:16:45 [http-nio-5000-exec-4] DEBUG o.s.web.servlet.DispatcherServlet - POST "/auth/login", parameters={}
2024-12-03 15:16:45 [http-nio-5000-exec-4] DEBUG o.s.w.s.m.m.a.RequestMappingHandlerMapping - Mapped to com.viajaYa.viajaYa.controllers.AuthController#login(LoginRequest)
2024-12-03 15:16:45 [http-nio-5000-exec-4] DEBUG o.s.w.s.m.m.a.RequestResponseBodyMethodProcessor - Read "application/json;charset=UTF-8" to [com.viajaYa.viajaYa.security.jwt.LoginRequest@53728233]
2024-12-03 15:16:45 [http-nio-5000-exec-4] INFO  c.v.viajaYa.utils.ApplicationLogger - Request: URL=/auth/login, Method=POST, Params=[com.viajaYa.viajaYa.security.jwt.LoginRequest@53728233]
2024-12-03 15:16:45 [http-nio-5000-exec-4] DEBUG o.s.w.s.m.m.a.ExceptionHandlerExceptionResolver - Using @ExceptionHandler com.viajaYa.viajaYa.utils.exceptions.GlobalExceptionHandler#handleBusinessException(BusinessException)
2024-12-03 15:16:45 [http-nio-5000-exec-4] DEBUG o.s.w.s.m.m.a.HttpEntityMethodProcessor - Using 'application/json', given [*/*] and supported [application/json, application/*+json]
2024-12-03 15:16:45 [http-nio-5000-exec-4] DEBUG o.s.w.s.m.m.a.HttpEntityMethodProcessor - Writing [{respuestaExitosa=false, mensaje=Error con el proceso, errors={detail=Usuario o contraseña incorrect (truncated)...]
2024-12-03 15:16:45 [http-nio-5000-exec-4] WARN  o.s.w.s.m.m.a.ExceptionHandlerExceptionResolver - Resolved [com.viajaYa.viajaYa.utils.exceptions.BusinessException: Usuario o contraseña incorrectos]
2024-12-03 15:16:45 [http-nio-5000-exec-4] DEBUG o.s.web.servlet.DispatcherServlet - Completed 400 BAD_REQUEST
2024-12-03 15:16:55 [http-nio-5000-exec-2] DEBUG o.s.web.servlet.DispatcherServlet - POST "/auth/login", parameters={}
2024-12-03 15:16:55 [http-nio-5000-exec-2] DEBUG o.s.w.s.m.m.a.RequestMappingHandlerMapping - Mapped to com.viajaYa.viajaYa.controllers.AuthController#login(LoginRequest)
2024-12-03 15:16:55 [http-nio-5000-exec-2] DEBUG o.s.w.s.m.m.a.RequestResponseBodyMethodProcessor - Read "application/json;charset=UTF-8" to [com.viajaYa.viajaYa.security.jwt.LoginRequest@8a007c6]
2024-12-03 15:16:55 [http-nio-5000-exec-2] INFO  c.v.viajaYa.utils.ApplicationLogger - Request: URL=/auth/login, Method=POST, Params=[com.viajaYa.viajaYa.security.jwt.LoginRequest@8a007c6]
2024-12-03 15:16:55 [http-nio-5000-exec-2] DEBUG o.s.w.s.m.m.a.ExceptionHandlerExceptionResolver - Using @ExceptionHandler com.viajaYa.viajaYa.utils.exceptions.GlobalExceptionHandler#handleBusinessException(BusinessException)
2024-12-03 15:16:55 [http-nio-5000-exec-2] DEBUG o.s.w.s.m.m.a.HttpEntityMethodProcessor - Using 'application/json', given [*/*] and supported [application/json, application/*+json]
2024-12-03 15:16:55 [http-nio-5000-exec-2] DEBUG o.s.w.s.m.m.a.HttpEntityMethodProcessor - Writing [{respuestaExitosa=false, mensaje=Error con el proceso, errors={detail=Usuario o contraseña incorrect (truncated)...]
2024-12-03 15:16:55 [http-nio-5000-exec-2] WARN  o.s.w.s.m.m.a.ExceptionHandlerExceptionResolver - Resolved [com.viajaYa.viajaYa.utils.exceptions.BusinessException: Usuario o contraseña incorrectos]
2024-12-03 15:16:55 [http-nio-5000-exec-2] DEBUG o.s.web.servlet.DispatcherServlet - Completed 400 BAD_REQUEST
2024-12-03 15:17:39 [SpringApplicationShutdownHook] INFO  o.s.o.j.LocalContainerEntityManagerFactoryBean - Closing JPA EntityManagerFactory for persistence unit 'default'
2024-12-03 15:17:39 [SpringApplicationShutdownHook] INFO  com.zaxxer.hikari.HikariDataSource - HikariPool-1 - Shutdown initiated...
2024-12-03 15:17:39 [SpringApplicationShutdownHook] INFO  com.zaxxer.hikari.HikariDataSource - HikariPool-1 - Shutdown completed.
2024-12-03 15:17:42 [restartedMain] INFO  c.viajaYa.viajaYa.ViajaYaApplication - Starting ViajaYaApplication using Java 20.0.1 with PID 10260 (C:\Users\jacob\Documents\NetBeansProjects\viajaYa\target\classes started by jacob in C:\Users\jacob\Documents\NetBeansProjects\viajaYa)
2024-12-03 15:17:42 [restartedMain] INFO  c.viajaYa.viajaYa.ViajaYaApplication - No active profile set, falling back to 1 default profile: "default"
2024-12-03 15:17:43 [restartedMain] INFO  o.s.b.d.restart.ChangeableUrls - The Class-Path manifest attribute in C:\Users\jacob\.m2\repository\com\sun\xml\bind\jaxb-impl\2.3.1\jaxb-impl-2.3.1.jar referenced one or more files that do not exist: file:/C:/Users/jacob/.m2/repository/com/sun/xml/bind/jaxb-impl/2.3.1/jaxb-runtime-2.3.1.jar,file:/C:/Users/jacob/.m2/repository/com/sun/xml/bind/jaxb-impl/2.3.1/txw2-2.3.1.jar,file:/C:/Users/jacob/.m2/repository/com/sun/xml/bind/jaxb-impl/2.3.1/istack-commons-runtime-3.0.7.jar,file:/C:/Users/jacob/.m2/repository/com/sun/xml/bind/jaxb-impl/2.3.1/stax-ex-1.8.jar,file:/C:/Users/jacob/.m2/repository/com/sun/xml/bind/jaxb-impl/2.3.1/FastInfoset-1.2.15.jar,file:/C:/Users/jacob/.m2/repository/com/sun/xml/bind/jaxb-impl/2.3.1/javax.activation-api-1.2.0.jar
2024-12-03 15:17:43 [restartedMain] INFO  o.s.b.d.e.DevToolsPropertyDefaultsPostProcessor - Devtools property defaults active! Set 'spring.devtools.add-properties' to 'false' to disable
2024-12-03 15:17:43 [restartedMain] INFO  o.s.b.d.e.DevToolsPropertyDefaultsPostProcessor - For additional web related logging consider setting the 'logging.level.web' property to 'DEBUG'
2024-12-03 15:17:43 [restartedMain] INFO  o.s.d.r.c.RepositoryConfigurationDelegate - Bootstrapping Spring Data JPA repositories in DEFAULT mode.
2024-12-03 15:17:43 [restartedMain] INFO  o.s.d.r.c.RepositoryConfigurationDelegate - Finished Spring Data repository scanning in 97 ms. Found 12 JPA repository interfaces.
2024-12-03 15:17:44 [restartedMain] INFO  o.s.b.w.e.tomcat.TomcatWebServer - Tomcat initialized with port 5000 (http)
2024-12-03 15:17:45 [restartedMain] INFO  o.a.coyote.http11.Http11NioProtocol - Initializing ProtocolHandler ["http-nio-5000"]
2024-12-03 15:17:45 [restartedMain] INFO  o.a.catalina.core.StandardService - Starting service [Tomcat]
2024-12-03 15:17:45 [restartedMain] INFO  o.a.catalina.core.StandardEngine - Starting Servlet engine: [Apache Tomcat/10.1.31]
2024-12-03 15:17:45 [restartedMain] INFO  o.a.c.c.C.[Tomcat].[localhost].[/] - Initializing Spring embedded WebApplicationContext
2024-12-03 15:17:45 [restartedMain] INFO  o.s.b.w.s.c.ServletWebServerApplicationContext - Root WebApplicationContext: initialization completed in 2103 ms
2024-12-03 15:17:45 [restartedMain] INFO  o.h.jpa.internal.util.LogHelper - HHH000204: Processing PersistenceUnitInfo [name: default]
2024-12-03 15:17:45 [restartedMain] INFO  org.hibernate.Version - HHH000412: Hibernate ORM core version 6.5.3.Final
2024-12-03 15:17:45 [restartedMain] INFO  o.h.c.i.RegionFactoryInitiator - HHH000026: Second-level cache disabled
2024-12-03 15:17:45 [restartedMain] INFO  o.s.o.j.p.SpringPersistenceUnitInfo - No LoadTimeWeaver setup: ignoring JPA class transformer
2024-12-03 15:17:45 [restartedMain] INFO  com.zaxxer.hikari.HikariDataSource - HikariPool-1 - Starting...
2024-12-03 15:17:45 [restartedMain] INFO  com.zaxxer.hikari.pool.HikariPool - HikariPool-1 - Added connection com.mysql.cj.jdbc.ConnectionImpl@415b9899
2024-12-03 15:17:45 [restartedMain] INFO  com.zaxxer.hikari.HikariDataSource - HikariPool-1 - Start completed.
2024-12-03 15:17:45 [restartedMain] WARN  org.hibernate.dialect.Dialect - HHH000511: The 5.5.5 version for [org.hibernate.dialect.MySQLDialect] is no longer supported, hence certain features may not work properly. The minimum supported version is 8.0.0. Check the community dialects project for available legacy versions.
2024-12-03 15:17:45 [restartedMain] WARN  org.hibernate.orm.deprecation - HHH90000025: MySQLDialect does not need to be specified explicitly using 'hibernate.dialect' (remove the property setting and it will be selected by default)
2024-12-03 15:17:46 [restartedMain] INFO  o.h.e.t.j.p.i.JtaPlatformInitiator - HHH000489: No JTA platform available (set 'hibernate.transaction.jta.platform' to enable JTA platform integration)
2024-12-03 15:17:46 [restartedMain] INFO  o.s.o.j.LocalContainerEntityManagerFactoryBean - Initialized JPA EntityManagerFactory for persistence unit 'default'
2024-12-03 15:17:47 [restartedMain] INFO  o.s.d.j.r.query.QueryEnhancerFactory - Hibernate is in classpath; If applicable, HQL parser will be used.
2024-12-03 15:17:48 [restartedMain] INFO  o.s.s.c.a.a.c.InitializeAuthenticationProviderBeanManagerConfigurer$InitializeAuthenticationProviderManagerConfigurer - Global AuthenticationManager configured with AuthenticationProvider bean with name authenticationProvider
2024-12-03 15:17:48 [restartedMain] WARN  o.s.s.c.a.a.c.InitializeUserDetailsBeanManagerConfigurer$InitializeUserDetailsManagerConfigurer - Global AuthenticationManager configured with an AuthenticationProvider bean. UserDetailsService beans will not be used for username/password login. Consider removing the AuthenticationProvider bean. Alternatively, consider using the UserDetailsService in a manually instantiated DaoAuthenticationProvider.
2024-12-03 15:17:48 [restartedMain] WARN  o.s.b.a.o.j.JpaBaseConfiguration$JpaWebConfiguration - spring.jpa.open-in-view is enabled by default. Therefore, database queries may be performed during view rendering. Explicitly configure spring.jpa.open-in-view to disable this warning
2024-12-03 15:17:48 [restartedMain] DEBUG o.s.w.s.m.m.a.RequestMappingHandlerMapping - 70 mappings in 'requestMappingHandlerMapping'
2024-12-03 15:17:49 [restartedMain] DEBUG o.s.w.s.c.a.WebMvcConfigurer - Default resource handling disabled
2024-12-03 15:17:49 [restartedMain] DEBUG o.s.w.s.m.m.a.RequestMappingHandlerAdapter - ControllerAdvice beans: 0 @ModelAttribute, 0 @InitBinder, 1 RequestBodyAdvice, 1 ResponseBodyAdvice
2024-12-03 15:17:49 [restartedMain] DEBUG o.s.w.s.m.m.a.ExceptionHandlerExceptionResolver - ControllerAdvice beans: 1 @ExceptionHandler, 1 ResponseBodyAdvice
2024-12-03 15:17:49 [restartedMain] INFO  o.s.b.d.a.OptionalLiveReloadServer - LiveReload server is running on port 35729
2024-12-03 15:17:49 [restartedMain] INFO  o.a.coyote.http11.Http11NioProtocol - Starting ProtocolHandler ["http-nio-5000"]
2024-12-03 15:17:49 [restartedMain] INFO  o.s.b.w.e.tomcat.TomcatWebServer - Tomcat started on port 5000 (http) with context path '/'
2024-12-03 15:17:49 [restartedMain] INFO  c.viajaYa.viajaYa.ViajaYaApplication - Started ViajaYaApplication in 7.151 seconds (process running for 7.553)
2024-12-03 15:17:51 [http-nio-5000-exec-2] INFO  o.a.c.c.C.[Tomcat].[localhost].[/] - Initializing Spring DispatcherServlet 'dispatcherServlet'
2024-12-03 15:17:51 [http-nio-5000-exec-2] INFO  o.s.web.servlet.DispatcherServlet - Initializing Servlet 'dispatcherServlet'
2024-12-03 15:17:51 [http-nio-5000-exec-2] DEBUG o.s.web.servlet.DispatcherServlet - Detected StandardServletMultipartResolver
2024-12-03 15:17:51 [http-nio-5000-exec-2] DEBUG o.s.web.servlet.DispatcherServlet - Detected AcceptHeaderLocaleResolver
2024-12-03 15:17:51 [http-nio-5000-exec-2] DEBUG o.s.web.servlet.DispatcherServlet - Detected FixedThemeResolver
2024-12-03 15:17:51 [http-nio-5000-exec-2] DEBUG o.s.web.servlet.DispatcherServlet - Detected org.springframework.web.servlet.view.DefaultRequestToViewNameTranslator@4c0512ea
2024-12-03 15:17:51 [http-nio-5000-exec-2] DEBUG o.s.web.servlet.DispatcherServlet - Detected org.springframework.web.servlet.support.SessionFlashMapManager@43bf63bb
2024-12-03 15:17:51 [http-nio-5000-exec-2] DEBUG o.s.web.servlet.DispatcherServlet - enableLoggingRequestDetails='false': request parameters and headers will be masked to prevent unsafe logging of potentially sensitive data
2024-12-03 15:17:51 [http-nio-5000-exec-2] INFO  o.s.web.servlet.DispatcherServlet - Completed initialization in 2 ms
2024-12-03 15:17:52 [http-nio-5000-exec-2] DEBUG o.s.web.servlet.DispatcherServlet - POST "/auth/login", parameters={}
2024-12-03 15:17:52 [http-nio-5000-exec-2] DEBUG o.s.w.s.m.m.a.RequestMappingHandlerMapping - Mapped to com.viajaYa.viajaYa.controllers.AuthController#login(LoginRequest)
2024-12-03 15:17:52 [http-nio-5000-exec-2] DEBUG o.s.w.s.m.m.a.RequestResponseBodyMethodProcessor - Read "application/json;charset=UTF-8" to [com.viajaYa.viajaYa.security.jwt.LoginRequest@22bff268]
2024-12-03 15:17:52 [http-nio-5000-exec-2] INFO  c.v.viajaYa.utils.ApplicationLogger - Request: URL=/auth/login, Method=POST, Params=[com.viajaYa.viajaYa.security.jwt.LoginRequest@22bff268]
2024-12-03 15:17:52 [http-nio-5000-exec-2] DEBUG o.s.w.s.m.m.a.ExceptionHandlerExceptionResolver - Using @ExceptionHandler com.viajaYa.viajaYa.utils.exceptions.GlobalExceptionHandler#handleBusinessException(BusinessException)
2024-12-03 15:17:52 [http-nio-5000-exec-2] DEBUG o.s.w.s.m.m.a.HttpEntityMethodProcessor - Using 'application/json', given [*/*] and supported [application/json, application/*+json]
2024-12-03 15:17:52 [http-nio-5000-exec-2] DEBUG o.s.w.s.m.m.a.HttpEntityMethodProcessor - Writing [{respuestaExitosa=false, mensaje=Error con el proceso, errors={detail=Usuario o contraseña incorrect (truncated)...]
2024-12-03 15:17:52 [http-nio-5000-exec-2] WARN  o.s.w.s.m.m.a.ExceptionHandlerExceptionResolver - Resolved [com.viajaYa.viajaYa.utils.exceptions.BusinessException: Usuario o contraseña incorrectos]
2024-12-03 15:17:52 [http-nio-5000-exec-2] DEBUG o.s.web.servlet.DispatcherServlet - Completed 400 BAD_REQUEST
2024-12-03 15:17:59 [http-nio-5000-exec-4] DEBUG o.s.web.servlet.DispatcherServlet - POST "/auth/register", parameters={}
2024-12-03 15:17:59 [http-nio-5000-exec-4] DEBUG o.s.w.s.m.m.a.RequestMappingHandlerMapping - Mapped to com.viajaYa.viajaYa.controllers.AuthController#register(RegisterRequest)
2024-12-03 15:17:59 [http-nio-5000-exec-4] DEBUG o.s.w.s.m.m.a.RequestResponseBodyMethodProcessor - Read "application/json;charset=UTF-8" to [RegisterRequest(username=dar, password=abc123, nombre=Dar, identificacion=sfsfw45345345, direccion=k (truncated)...]
2024-12-03 15:17:59 [http-nio-5000-exec-4] INFO  c.v.viajaYa.utils.ApplicationLogger - Request: URL=/auth/register, Method=POST, Params=[RegisterRequest(username=dar, password=abc123, nombre=Dar, identificacion=sfsfw45345345, direccion=knq8i2912hn aksdbt, correoElectronico=dar@example.com, role=0)]
2024-12-03 15:17:59 [http-nio-5000-exec-4] DEBUG o.s.web.servlet.DispatcherServlet - Failed to complete request: java.lang.IllegalArgumentException: Decode argument cannot be null.
2024-12-03 15:17:59 [http-nio-5000-exec-4] ERROR o.a.c.c.C.[.[.[.[dispatcherServlet] - Servlet.service() for servlet [dispatcherServlet] in context with path [] threw exception [Request processing failed: java.lang.IllegalArgumentException: Decode argument cannot be null.] with root cause
java.lang.IllegalArgumentException: Decode argument cannot be null.
	at io.jsonwebtoken.lang.Assert.notNull(Assert.java:82)
	at io.jsonwebtoken.io.ExceptionPropagatingDecoder.decode(ExceptionPropagatingDecoder.java:34)
	at com.viajaYa.viajaYa.security.jwt.JwtService.getKey(JwtService.java:52)
	at com.viajaYa.viajaYa.security.jwt.JwtService.getToken(JwtService.java:47)
	at com.viajaYa.viajaYa.security.jwt.JwtService.getToken(JwtService.java:37)
	at com.viajaYa.viajaYa.security.AuthService.register(AuthService.java:89)
	at com.viajaYa.viajaYa.controllers.AuthController.register(AuthController.java:28)
	at java.base/jdk.internal.reflect.DirectMethodHandleAccessor.invoke(DirectMethodHandleAccessor.java:104)
	at java.base/java.lang.reflect.Method.invoke(Method.java:578)
	at org.springframework.aop.support.AopUtils.invokeJoinpointUsingReflection(AopUtils.java:355)
	at org.springframework.aop.framework.ReflectiveMethodInvocation.invokeJoinpoint(ReflectiveMethodInvocation.java:196)
	at org.springframework.aop.framework.ReflectiveMethodInvocation.proceed(ReflectiveMethodInvocation.java:163)
	at org.springframework.aop.framework.CglibAopProxy$CglibMethodInvocation.proceed(CglibAopProxy.java:768)
	at org.springframework.aop.framework.adapter.MethodBeforeAdviceInterceptor.invoke(MethodBeforeAdviceInterceptor.java:58)
	at org.springframework.aop.framework.ReflectiveMethodInvocation.proceed(ReflectiveMethodInvocation.java:184)
	at org.springframework.aop.framework.CglibAopProxy$CglibMethodInvocation.proceed(CglibAopProxy.java:768)
	at org.springframework.aop.interceptor.ExposeInvocationInterceptor.invoke(ExposeInvocationInterceptor.java:97)
	at org.springframework.aop.framework.ReflectiveMethodInvocation.proceed(ReflectiveMethodInvocation.java:184)
	at org.springframework.aop.framework.CglibAopProxy$CglibMethodInvocation.proceed(CglibAopProxy.java:768)
	at org.springframework.aop.framework.CglibAopProxy$DynamicAdvisedInterceptor.intercept(CglibAopProxy.java:720)
	at com.viajaYa.viajaYa.controllers.AuthController$$SpringCGLIB$$0.register(<generated>)
	at java.base/jdk.internal.reflect.DirectMethodHandleAccessor.invoke(DirectMethodHandleAccessor.java:104)
	at java.base/java.lang.reflect.Method.invoke(Method.java:578)
	at org.springframework.web.method.support.InvocableHandlerMethod.doInvoke(InvocableHandlerMethod.java:255)
	at org.springframework.web.method.support.InvocableHandlerMethod.invokeForRequest(InvocableHandlerMethod.java:188)
	at org.springframework.web.servlet.mvc.method.annotation.ServletInvocableHandlerMethod.invokeAndHandle(ServletInvocableHandlerMethod.java:118)
	at org.springframework.web.servlet.mvc.method.annotation.RequestMappingHandlerAdapter.invokeHandlerMethod(RequestMappingHandlerAdapter.java:926)
	at org.springframework.web.servlet.mvc.method.annotation.RequestMappingHandlerAdapter.handleInternal(RequestMappingHandlerAdapter.java:831)
	at org.springframework.web.servlet.mvc.method.AbstractHandlerMethodAdapter.handle(AbstractHandlerMethodAdapter.java:87)
	at org.springframework.web.servlet.DispatcherServlet.doDispatch(DispatcherServlet.java:1089)
	at org.springframework.web.servlet.DispatcherServlet.doService(DispatcherServlet.java:979)
	at org.springframework.web.servlet.FrameworkServlet.processRequest(FrameworkServlet.java:1014)
	at org.springframework.web.servlet.FrameworkServlet.doPost(FrameworkServlet.java:914)
	at jakarta.servlet.http.HttpServlet.service(HttpServlet.java:590)
	at org.springframework.web.servlet.FrameworkServlet.service(FrameworkServlet.java:885)
	at jakarta.servlet.http.HttpServlet.service(HttpServlet.java:658)
	at org.apache.catalina.core.ApplicationFilterChain.internalDoFilter(ApplicationFilterChain.java:195)
	at org.apache.catalina.core.ApplicationFilterChain.doFilter(ApplicationFilterChain.java:140)
	at org.apache.tomcat.websocket.server.WsFilter.doFilter(WsFilter.java:51)
	at org.apache.catalina.core.ApplicationFilterChain.internalDoFilter(ApplicationFilterChain.java:164)
	at org.apache.catalina.core.ApplicationFilterChain.doFilter(ApplicationFilterChain.java:140)
	at org.springframework.web.filter.OncePerRequestFilter.doFilter(OncePerRequestFilter.java:101)
	at org.apache.catalina.core.ApplicationFilterChain.internalDoFilter(ApplicationFilterChain.java:164)
	at org.apache.catalina.core.ApplicationFilterChain.doFilter(ApplicationFilterChain.java:140)
	at org.springframework.web.filter.CompositeFilter$VirtualFilterChain.doFilter(CompositeFilter.java:108)
	at org.springframework.security.web.FilterChainProxy.lambda$doFilterInternal$3(FilterChainProxy.java:231)
	at org.springframework.security.web.FilterChainProxy$VirtualFilterChain.doFilter(FilterChainProxy.java:365)
	at org.springframework.security.web.access.intercept.AuthorizationFilter.doFilter(AuthorizationFilter.java:100)
	at org.springframework.security.web.FilterChainProxy$VirtualFilterChain.doFilter(FilterChainProxy.java:374)
	at org.springframework.security.web.access.ExceptionTranslationFilter.doFilter(ExceptionTranslationFilter.java:126)
	at org.springframework.security.web.access.ExceptionTranslationFilter.doFilter(ExceptionTranslationFilter.java:120)
	at org.springframework.security.web.FilterChainProxy$VirtualFilterChain.doFilter(FilterChainProxy.java:374)
	at org.springframework.security.web.session.SessionManagementFilter.doFilter(SessionManagementFilter.java:131)
	at org.springframework.security.web.session.SessionManagementFilter.doFilter(SessionManagementFilter.java:85)
	at org.springframework.security.web.FilterChainProxy$VirtualFilterChain.doFilter(FilterChainProxy.java:374)
	at org.springframework.security.web.authentication.AnonymousAuthenticationFilter.doFilter(AnonymousAuthenticationFilter.java:100)
	at org.springframework.security.web.FilterChainProxy$VirtualFilterChain.doFilter(FilterChainProxy.java:374)
	at org.springframework.security.web.servletapi.SecurityContextHolderAwareRequestFilter.doFilter(SecurityContextHolderAwareRequestFilter.java:179)
	at org.springframework.security.web.FilterChainProxy$VirtualFilterChain.doFilter(FilterChainProxy.java:374)
	at org.springframework.security.web.savedrequest.RequestCacheAwareFilter.doFilter(RequestCacheAwareFilter.java:63)
	at org.springframework.security.web.FilterChainProxy$VirtualFilterChain.doFilter(FilterChainProxy.java:374)
	at org.springframework.web.filter.OncePerRequestFilter.doFilter(OncePerRequestFilter.java:101)
	at org.springframework.security.web.FilterChainProxy$VirtualFilterChain.doFilter(FilterChainProxy.java:374)
	at org.springframework.security.web.authentication.logout.LogoutFilter.doFilter(LogoutFilter.java:107)
	at org.springframework.security.web.authentication.logout.LogoutFilter.doFilter(LogoutFilter.java:93)
	at org.springframework.security.web.FilterChainProxy$VirtualFilterChain.doFilter(FilterChainProxy.java:374)
	at org.springframework.security.web.header.HeaderWriterFilter.doHeadersAfter(HeaderWriterFilter.java:90)
	at org.springframework.security.web.header.HeaderWriterFilter.doFilterInternal(HeaderWriterFilter.java:75)
	at org.springframework.web.filter.OncePerRequestFilter.doFilter(OncePerRequestFilter.java:116)
	at org.springframework.security.web.FilterChainProxy$VirtualFilterChain.doFilter(FilterChainProxy.java:374)
	at org.springframework.security.web.context.SecurityContextHolderFilter.doFilter(SecurityContextHolderFilter.java:82)
	at org.springframework.security.web.context.SecurityContextHolderFilter.doFilter(SecurityContextHolderFilter.java:69)
	at org.springframework.security.web.FilterChainProxy$VirtualFilterChain.doFilter(FilterChainProxy.java:374)
	at org.springframework.security.web.context.request.async.WebAsyncManagerIntegrationFilter.doFilterInternal(WebAsyncManagerIntegrationFilter.java:62)
	at org.springframework.web.filter.OncePerRequestFilter.doFilter(OncePerRequestFilter.java:116)
	at org.springframework.security.web.FilterChainProxy$VirtualFilterChain.doFilter(FilterChainProxy.java:374)
	at org.springframework.security.web.session.DisableEncodeUrlFilter.doFilterInternal(DisableEncodeUrlFilter.java:42)
	at org.springframework.web.filter.OncePerRequestFilter.doFilter(OncePerRequestFilter.java:116)
	at org.springframework.security.web.FilterChainProxy$VirtualFilterChain.doFilter(FilterChainProxy.java:374)
	at org.springframework.security.web.FilterChainProxy.doFilterInternal(FilterChainProxy.java:233)
	at org.springframework.security.web.FilterChainProxy.doFilter(FilterChainProxy.java:191)
	at org.springframework.web.filter.CompositeFilter$VirtualFilterChain.doFilter(CompositeFilter.java:113)
	at org.springframework.web.servlet.handler.HandlerMappingIntrospector.lambda$createCacheFilter$3(HandlerMappingIntrospector.java:195)
	at org.springframework.web.filter.CompositeFilter$VirtualFilterChain.doFilter(CompositeFilter.java:113)
	at org.springframework.web.filter.CompositeFilter.doFilter(CompositeFilter.java:74)
	at org.springframework.security.config.annotation.web.configuration.WebMvcSecurityConfiguration$CompositeFilterChainProxy.doFilter(WebMvcSecurityConfiguration.java:230)
	at org.springframework.web.filter.DelegatingFilterProxy.invokeDelegate(DelegatingFilterProxy.java:362)
	at org.springframework.web.filter.DelegatingFilterProxy.doFilter(DelegatingFilterProxy.java:278)
	at org.apache.catalina.core.ApplicationFilterChain.internalDoFilter(ApplicationFilterChain.java:164)
	at org.apache.catalina.core.ApplicationFilterChain.doFilter(ApplicationFilterChain.java:140)
	at org.springframework.web.filter.RequestContextFilter.doFilterInternal(RequestContextFilter.java:100)
	at org.springframework.web.filter.OncePerRequestFilter.doFilter(OncePerRequestFilter.java:116)
	at org.apache.catalina.core.ApplicationFilterChain.internalDoFilter(ApplicationFilterChain.java:164)
	at org.apache.catalina.core.ApplicationFilterChain.doFilter(ApplicationFilterChain.java:140)
	at org.springframework.web.filter.FormContentFilter.doFilterInternal(FormContentFilter.java:93)
	at org.springframework.web.filter.OncePerRequestFilter.doFilter(OncePerRequestFilter.java:116)
	at org.apache.catalina.core.ApplicationFilterChain.internalDoFilter(ApplicationFilterChain.java:164)
	at org.apache.catalina.core.ApplicationFilterChain.doFilter(ApplicationFilterChain.java:140)
	at org.springframework.web.filter.CharacterEncodingFilter.doFilterInternal(CharacterEncodingFilter.java:201)
	at org.springframework.web.filter.OncePerRequestFilter.doFilter(OncePerRequestFilter.java:116)
	at org.apache.catalina.core.ApplicationFilterChain.internalDoFilter(ApplicationFilterChain.java:164)
	at org.apache.catalina.core.ApplicationFilterChain.doFilter(ApplicationFilterChain.java:140)
	at org.apache.catalina.core.StandardWrapperValve.invoke(StandardWrapperValve.java:167)
	at org.apache.catalina.core.StandardContextValve.invoke(StandardContextValve.java:90)
	at org.apache.catalina.authenticator.AuthenticatorBase.invoke(AuthenticatorBase.java:483)
	at org.apache.catalina.core.StandardHostValve.invoke(StandardHostValve.java:115)
	at org.apache.catalina.valves.ErrorReportValve.invoke(ErrorReportValve.java:93)
	at org.apache.catalina.core.StandardEngineValve.invoke(StandardEngineValve.java:74)
	at org.apache.catalina.connector.CoyoteAdapter.service(CoyoteAdapter.java:344)
	at org.apache.coyote.http11.Http11Processor.service(Http11Processor.java:384)
	at org.apache.coyote.AbstractProcessorLight.process(AbstractProcessorLight.java:63)
	at org.apache.coyote.AbstractProtocol$ConnectionHandler.process(AbstractProtocol.java:905)
	at org.apache.tomcat.util.net.NioEndpoint$SocketProcessor.doRun(NioEndpoint.java:1741)
	at org.apache.tomcat.util.net.SocketProcessorBase.run(SocketProcessorBase.java:52)
	at org.apache.tomcat.util.threads.ThreadPoolExecutor.runWorker(ThreadPoolExecutor.java:1190)
	at org.apache.tomcat.util.threads.ThreadPoolExecutor$Worker.run(ThreadPoolExecutor.java:659)
	at org.apache.tomcat.util.threads.TaskThread$WrappingRunnable.run(TaskThread.java:63)
	at java.base/java.lang.Thread.run(Thread.java:1623)
2024-12-03 15:17:59 [http-nio-5000-exec-4] DEBUG o.s.web.servlet.DispatcherServlet - "ERROR" dispatch for POST "/error", parameters={}
2024-12-03 15:17:59 [http-nio-5000-exec-4] DEBUG o.s.w.s.m.m.a.RequestMappingHandlerMapping - Mapped to org.springframework.boot.autoconfigure.web.servlet.error.BasicErrorController#error(HttpServletRequest)
2024-12-03 15:17:59 [http-nio-5000-exec-4] DEBUG o.s.w.s.m.m.a.HttpEntityMethodProcessor - Using 'application/json', given [*/*] and supported [application/json, application/*+json]
2024-12-03 15:17:59 [http-nio-5000-exec-4] DEBUG o.s.w.s.m.m.a.HttpEntityMethodProcessor - Writing [{timestamp=Tue Dec 03 15:17:59 COT 2024, status=500, error=Internal Server Error, trace=java.lang.Il (truncated)...]
2024-12-03 15:17:59 [http-nio-5000-exec-4] DEBUG o.s.web.servlet.DispatcherServlet - Exiting from "ERROR" dispatch, status 500
2024-12-03 15:18:53 [SpringApplicationShutdownHook] INFO  o.s.o.j.LocalContainerEntityManagerFactoryBean - Closing JPA EntityManagerFactory for persistence unit 'default'
2024-12-03 15:18:53 [SpringApplicationShutdownHook] INFO  com.zaxxer.hikari.HikariDataSource - HikariPool-1 - Shutdown initiated...
2024-12-03 15:18:53 [SpringApplicationShutdownHook] INFO  com.zaxxer.hikari.HikariDataSource - HikariPool-1 - Shutdown completed.
2024-12-03 15:18:57 [restartedMain] INFO  c.viajaYa.viajaYa.ViajaYaApplication - Starting ViajaYaApplication using Java 20.0.1 with PID 34008 (C:\Users\jacob\Documents\NetBeansProjects\viajaYa\target\classes started by jacob in C:\Users\jacob\Documents\NetBeansProjects\viajaYa)
2024-12-03 15:18:57 [restartedMain] INFO  c.viajaYa.viajaYa.ViajaYaApplication - No active profile set, falling back to 1 default profile: "default"
2024-12-03 15:18:57 [restartedMain] INFO  o.s.b.d.restart.ChangeableUrls - The Class-Path manifest attribute in C:\Users\jacob\.m2\repository\com\sun\xml\bind\jaxb-impl\2.3.1\jaxb-impl-2.3.1.jar referenced one or more files that do not exist: file:/C:/Users/jacob/.m2/repository/com/sun/xml/bind/jaxb-impl/2.3.1/jaxb-runtime-2.3.1.jar,file:/C:/Users/jacob/.m2/repository/com/sun/xml/bind/jaxb-impl/2.3.1/txw2-2.3.1.jar,file:/C:/Users/jacob/.m2/repository/com/sun/xml/bind/jaxb-impl/2.3.1/istack-commons-runtime-3.0.7.jar,file:/C:/Users/jacob/.m2/repository/com/sun/xml/bind/jaxb-impl/2.3.1/stax-ex-1.8.jar,file:/C:/Users/jacob/.m2/repository/com/sun/xml/bind/jaxb-impl/2.3.1/FastInfoset-1.2.15.jar,file:/C:/Users/jacob/.m2/repository/com/sun/xml/bind/jaxb-impl/2.3.1/javax.activation-api-1.2.0.jar
2024-12-03 15:18:57 [restartedMain] INFO  o.s.b.d.e.DevToolsPropertyDefaultsPostProcessor - Devtools property defaults active! Set 'spring.devtools.add-properties' to 'false' to disable
2024-12-03 15:18:57 [restartedMain] INFO  o.s.b.d.e.DevToolsPropertyDefaultsPostProcessor - For additional web related logging consider setting the 'logging.level.web' property to 'DEBUG'
2024-12-03 15:18:58 [restartedMain] INFO  o.s.d.r.c.RepositoryConfigurationDelegate - Bootstrapping Spring Data JPA repositories in DEFAULT mode.
2024-12-03 15:18:58 [restartedMain] INFO  o.s.d.r.c.RepositoryConfigurationDelegate - Finished Spring Data repository scanning in 96 ms. Found 12 JPA repository interfaces.
2024-12-03 15:18:59 [restartedMain] INFO  o.s.b.w.e.tomcat.TomcatWebServer - Tomcat initialized with port 5000 (http)
2024-12-03 15:18:59 [restartedMain] INFO  o.a.coyote.http11.Http11NioProtocol - Initializing ProtocolHandler ["http-nio-5000"]
2024-12-03 15:18:59 [restartedMain] INFO  o.a.catalina.core.StandardService - Starting service [Tomcat]
2024-12-03 15:18:59 [restartedMain] INFO  o.a.catalina.core.StandardEngine - Starting Servlet engine: [Apache Tomcat/10.1.31]
2024-12-03 15:18:59 [restartedMain] INFO  o.a.c.c.C.[Tomcat].[localhost].[/] - Initializing Spring embedded WebApplicationContext
2024-12-03 15:18:59 [restartedMain] INFO  o.s.b.w.s.c.ServletWebServerApplicationContext - Root WebApplicationContext: initialization completed in 1824 ms
2024-12-03 15:18:59 [restartedMain] INFO  o.h.jpa.internal.util.LogHelper - HHH000204: Processing PersistenceUnitInfo [name: default]
2024-12-03 15:18:59 [restartedMain] INFO  org.hibernate.Version - HHH000412: Hibernate ORM core version 6.5.3.Final
2024-12-03 15:18:59 [restartedMain] INFO  o.h.c.i.RegionFactoryInitiator - HHH000026: Second-level cache disabled
2024-12-03 15:18:59 [restartedMain] INFO  o.s.o.j.p.SpringPersistenceUnitInfo - No LoadTimeWeaver setup: ignoring JPA class transformer
2024-12-03 15:18:59 [restartedMain] INFO  com.zaxxer.hikari.HikariDataSource - HikariPool-1 - Starting...
2024-12-03 15:19:00 [restartedMain] INFO  com.zaxxer.hikari.pool.HikariPool - HikariPool-1 - Added connection com.mysql.cj.jdbc.ConnectionImpl@18a5f3b1
2024-12-03 15:19:00 [restartedMain] INFO  com.zaxxer.hikari.HikariDataSource - HikariPool-1 - Start completed.
2024-12-03 15:19:00 [restartedMain] WARN  org.hibernate.dialect.Dialect - HHH000511: The 5.5.5 version for [org.hibernate.dialect.MySQLDialect] is no longer supported, hence certain features may not work properly. The minimum supported version is 8.0.0. Check the community dialects project for available legacy versions.
2024-12-03 15:19:00 [restartedMain] WARN  org.hibernate.orm.deprecation - HHH90000025: MySQLDialect does not need to be specified explicitly using 'hibernate.dialect' (remove the property setting and it will be selected by default)
2024-12-03 15:19:01 [restartedMain] INFO  o.h.e.t.j.p.i.JtaPlatformInitiator - HHH000489: No JTA platform available (set 'hibernate.transaction.jta.platform' to enable JTA platform integration)
2024-12-03 15:19:01 [restartedMain] INFO  o.s.o.j.LocalContainerEntityManagerFactoryBean - Initialized JPA EntityManagerFactory for persistence unit 'default'
2024-12-03 15:19:01 [restartedMain] INFO  o.s.d.j.r.query.QueryEnhancerFactory - Hibernate is in classpath; If applicable, HQL parser will be used.
2024-12-03 15:19:02 [restartedMain] INFO  o.s.s.c.a.a.c.InitializeAuthenticationProviderBeanManagerConfigurer$InitializeAuthenticationProviderManagerConfigurer - Global AuthenticationManager configured with AuthenticationProvider bean with name authenticationProvider
2024-12-03 15:19:02 [restartedMain] WARN  o.s.s.c.a.a.c.InitializeUserDetailsBeanManagerConfigurer$InitializeUserDetailsManagerConfigurer - Global AuthenticationManager configured with an AuthenticationProvider bean. UserDetailsService beans will not be used for username/password login. Consider removing the AuthenticationProvider bean. Alternatively, consider using the UserDetailsService in a manually instantiated DaoAuthenticationProvider.
2024-12-03 15:19:02 [restartedMain] WARN  o.s.b.a.o.j.JpaBaseConfiguration$JpaWebConfiguration - spring.jpa.open-in-view is enabled by default. Therefore, database queries may be performed during view rendering. Explicitly configure spring.jpa.open-in-view to disable this warning
2024-12-03 15:19:02 [restartedMain] DEBUG o.s.w.s.m.m.a.RequestMappingHandlerMapping - 70 mappings in 'requestMappingHandlerMapping'
2024-12-03 15:19:02 [restartedMain] DEBUG o.s.w.s.c.a.WebMvcConfigurer - Default resource handling disabled
2024-12-03 15:19:02 [restartedMain] DEBUG o.s.w.s.m.m.a.RequestMappingHandlerAdapter - ControllerAdvice beans: 0 @ModelAttribute, 0 @InitBinder, 1 RequestBodyAdvice, 1 ResponseBodyAdvice
2024-12-03 15:19:03 [restartedMain] DEBUG o.s.w.s.m.m.a.ExceptionHandlerExceptionResolver - ControllerAdvice beans: 1 @ExceptionHandler, 1 ResponseBodyAdvice
2024-12-03 15:19:03 [restartedMain] INFO  o.s.b.d.a.OptionalLiveReloadServer - LiveReload server is running on port 35729
2024-12-03 15:19:03 [restartedMain] INFO  o.a.coyote.http11.Http11NioProtocol - Starting ProtocolHandler ["http-nio-5000"]
2024-12-03 15:19:03 [restartedMain] INFO  o.s.b.w.e.tomcat.TomcatWebServer - Tomcat started on port 5000 (http) with context path '/'
2024-12-03 15:19:03 [restartedMain] INFO  c.viajaYa.viajaYa.ViajaYaApplication - Started ViajaYaApplication in 6.304 seconds (process running for 6.739)
2024-12-03 15:20:27 [SpringApplicationShutdownHook] INFO  o.s.o.j.LocalContainerEntityManagerFactoryBean - Closing JPA EntityManagerFactory for persistence unit 'default'
2024-12-03 15:20:27 [SpringApplicationShutdownHook] INFO  com.zaxxer.hikari.HikariDataSource - HikariPool-1 - Shutdown initiated...
2024-12-03 15:20:27 [SpringApplicationShutdownHook] INFO  com.zaxxer.hikari.HikariDataSource - HikariPool-1 - Shutdown completed.
2024-12-03 15:20:32 [restartedMain] INFO  c.viajaYa.viajaYa.ViajaYaApplication - Starting ViajaYaApplication using Java 20.0.1 with PID 25356 (C:\Users\jacob\Documents\NetBeansProjects\viajaYa\target\classes started by jacob in C:\Users\jacob\Documents\NetBeansProjects\viajaYa)
2024-12-03 15:20:32 [restartedMain] INFO  c.viajaYa.viajaYa.ViajaYaApplication - No active profile set, falling back to 1 default profile: "default"
2024-12-03 15:20:32 [restartedMain] INFO  o.s.b.d.restart.ChangeableUrls - The Class-Path manifest attribute in C:\Users\jacob\.m2\repository\com\sun\xml\bind\jaxb-impl\2.3.1\jaxb-impl-2.3.1.jar referenced one or more files that do not exist: file:/C:/Users/jacob/.m2/repository/com/sun/xml/bind/jaxb-impl/2.3.1/jaxb-runtime-2.3.1.jar,file:/C:/Users/jacob/.m2/repository/com/sun/xml/bind/jaxb-impl/2.3.1/txw2-2.3.1.jar,file:/C:/Users/jacob/.m2/repository/com/sun/xml/bind/jaxb-impl/2.3.1/istack-commons-runtime-3.0.7.jar,file:/C:/Users/jacob/.m2/repository/com/sun/xml/bind/jaxb-impl/2.3.1/stax-ex-1.8.jar,file:/C:/Users/jacob/.m2/repository/com/sun/xml/bind/jaxb-impl/2.3.1/FastInfoset-1.2.15.jar,file:/C:/Users/jacob/.m2/repository/com/sun/xml/bind/jaxb-impl/2.3.1/javax.activation-api-1.2.0.jar
2024-12-03 15:20:32 [restartedMain] INFO  o.s.b.d.e.DevToolsPropertyDefaultsPostProcessor - Devtools property defaults active! Set 'spring.devtools.add-properties' to 'false' to disable
2024-12-03 15:20:32 [restartedMain] INFO  o.s.b.d.e.DevToolsPropertyDefaultsPostProcessor - For additional web related logging consider setting the 'logging.level.web' property to 'DEBUG'
2024-12-03 15:20:33 [restartedMain] INFO  o.s.d.r.c.RepositoryConfigurationDelegate - Bootstrapping Spring Data JPA repositories in DEFAULT mode.
2024-12-03 15:20:33 [restartedMain] INFO  o.s.d.r.c.RepositoryConfigurationDelegate - Finished Spring Data repository scanning in 112 ms. Found 12 JPA repository interfaces.
2024-12-03 15:20:34 [restartedMain] INFO  o.s.b.w.e.tomcat.TomcatWebServer - Tomcat initialized with port 5000 (http)
2024-12-03 15:20:34 [restartedMain] INFO  o.a.coyote.http11.Http11NioProtocol - Initializing ProtocolHandler ["http-nio-5000"]
2024-12-03 15:20:34 [restartedMain] INFO  o.a.catalina.core.StandardService - Starting service [Tomcat]
2024-12-03 15:20:34 [restartedMain] INFO  o.a.catalina.core.StandardEngine - Starting Servlet engine: [Apache Tomcat/10.1.31]
2024-12-03 15:20:34 [restartedMain] INFO  o.a.c.c.C.[Tomcat].[localhost].[/] - Initializing Spring embedded WebApplicationContext
2024-12-03 15:20:34 [restartedMain] INFO  o.s.b.w.s.c.ServletWebServerApplicationContext - Root WebApplicationContext: initialization completed in 2556 ms
2024-12-03 15:20:34 [restartedMain] INFO  o.h.jpa.internal.util.LogHelper - HHH000204: Processing PersistenceUnitInfo [name: default]
2024-12-03 15:20:35 [restartedMain] INFO  org.hibernate.Version - HHH000412: Hibernate ORM core version 6.5.3.Final
2024-12-03 15:20:35 [restartedMain] INFO  o.h.c.i.RegionFactoryInitiator - HHH000026: Second-level cache disabled
2024-12-03 15:20:35 [restartedMain] INFO  o.s.o.j.p.SpringPersistenceUnitInfo - No LoadTimeWeaver setup: ignoring JPA class transformer
2024-12-03 15:20:35 [restartedMain] INFO  com.zaxxer.hikari.HikariDataSource - HikariPool-1 - Starting...
2024-12-03 15:20:35 [restartedMain] INFO  com.zaxxer.hikari.pool.HikariPool - HikariPool-1 - Added connection com.mysql.cj.jdbc.ConnectionImpl@45851107
2024-12-03 15:20:35 [restartedMain] INFO  com.zaxxer.hikari.HikariDataSource - HikariPool-1 - Start completed.
2024-12-03 15:20:35 [restartedMain] WARN  org.hibernate.dialect.Dialect - HHH000511: The 5.5.5 version for [org.hibernate.dialect.MySQLDialect] is no longer supported, hence certain features may not work properly. The minimum supported version is 8.0.0. Check the community dialects project for available legacy versions.
2024-12-03 15:20:35 [restartedMain] WARN  org.hibernate.orm.deprecation - HHH90000025: MySQLDialect does not need to be specified explicitly using 'hibernate.dialect' (remove the property setting and it will be selected by default)
2024-12-03 15:20:36 [restartedMain] INFO  o.h.e.t.j.p.i.JtaPlatformInitiator - HHH000489: No JTA platform available (set 'hibernate.transaction.jta.platform' to enable JTA platform integration)
2024-12-03 15:20:36 [restartedMain] INFO  o.s.o.j.LocalContainerEntityManagerFactoryBean - Initialized JPA EntityManagerFactory for persistence unit 'default'
2024-12-03 15:20:37 [restartedMain] INFO  o.s.d.j.r.query.QueryEnhancerFactory - Hibernate is in classpath; If applicable, HQL parser will be used.
2024-12-03 15:20:38 [restartedMain] INFO  o.s.s.c.a.a.c.InitializeAuthenticationProviderBeanManagerConfigurer$InitializeAuthenticationProviderManagerConfigurer - Global AuthenticationManager configured with AuthenticationProvider bean with name authenticationProvider
2024-12-03 15:20:38 [restartedMain] WARN  o.s.s.c.a.a.c.InitializeUserDetailsBeanManagerConfigurer$InitializeUserDetailsManagerConfigurer - Global AuthenticationManager configured with an AuthenticationProvider bean. UserDetailsService beans will not be used for username/password login. Consider removing the AuthenticationProvider bean. Alternatively, consider using the UserDetailsService in a manually instantiated DaoAuthenticationProvider.
2024-12-03 15:20:38 [restartedMain] WARN  o.s.b.a.o.j.JpaBaseConfiguration$JpaWebConfiguration - spring.jpa.open-in-view is enabled by default. Therefore, database queries may be performed during view rendering. Explicitly configure spring.jpa.open-in-view to disable this warning
2024-12-03 15:20:39 [restartedMain] DEBUG o.s.w.s.m.m.a.RequestMappingHandlerMapping - 70 mappings in 'requestMappingHandlerMapping'
2024-12-03 15:20:39 [restartedMain] DEBUG o.s.w.s.c.a.WebMvcConfigurer - Default resource handling disabled
2024-12-03 15:20:39 [restartedMain] DEBUG o.s.w.s.m.m.a.RequestMappingHandlerAdapter - ControllerAdvice beans: 0 @ModelAttribute, 0 @InitBinder, 1 RequestBodyAdvice, 1 ResponseBodyAdvice
2024-12-03 15:20:39 [restartedMain] DEBUG o.s.w.s.m.m.a.ExceptionHandlerExceptionResolver - ControllerAdvice beans: 1 @ExceptionHandler, 1 ResponseBodyAdvice
2024-12-03 15:20:40 [restartedMain] INFO  o.s.b.d.a.OptionalLiveReloadServer - LiveReload server is running on port 35729
2024-12-03 15:20:40 [restartedMain] INFO  o.a.coyote.http11.Http11NioProtocol - Starting ProtocolHandler ["http-nio-5000"]
2024-12-03 15:20:40 [restartedMain] INFO  o.s.b.w.e.tomcat.TomcatWebServer - Tomcat started on port 5000 (http) with context path '/'
2024-12-03 15:20:40 [restartedMain] INFO  c.viajaYa.viajaYa.ViajaYaApplication - Started ViajaYaApplication in 8.694 seconds (process running for 9.363)
2024-12-03 15:23:45 [SpringApplicationShutdownHook] INFO  o.s.o.j.LocalContainerEntityManagerFactoryBean - Closing JPA EntityManagerFactory for persistence unit 'default'
2024-12-03 15:23:45 [SpringApplicationShutdownHook] INFO  com.zaxxer.hikari.HikariDataSource - HikariPool-1 - Shutdown initiated...
2024-12-03 15:23:45 [SpringApplicationShutdownHook] INFO  com.zaxxer.hikari.HikariDataSource - HikariPool-1 - Shutdown completed.
2024-12-03 15:23:49 [restartedMain] INFO  c.viajaYa.viajaYa.ViajaYaApplication - Starting ViajaYaApplication using Java 20.0.1 with PID 19616 (C:\Users\jacob\Documents\NetBeansProjects\viajaYa\target\classes started by jacob in C:\Users\jacob\Documents\NetBeansProjects\viajaYa)
2024-12-03 15:23:49 [restartedMain] INFO  c.viajaYa.viajaYa.ViajaYaApplication - No active profile set, falling back to 1 default profile: "default"
2024-12-03 15:23:49 [restartedMain] INFO  o.s.b.d.restart.ChangeableUrls - The Class-Path manifest attribute in C:\Users\jacob\.m2\repository\com\sun\xml\bind\jaxb-impl\2.3.1\jaxb-impl-2.3.1.jar referenced one or more files that do not exist: file:/C:/Users/jacob/.m2/repository/com/sun/xml/bind/jaxb-impl/2.3.1/jaxb-runtime-2.3.1.jar,file:/C:/Users/jacob/.m2/repository/com/sun/xml/bind/jaxb-impl/2.3.1/txw2-2.3.1.jar,file:/C:/Users/jacob/.m2/repository/com/sun/xml/bind/jaxb-impl/2.3.1/istack-commons-runtime-3.0.7.jar,file:/C:/Users/jacob/.m2/repository/com/sun/xml/bind/jaxb-impl/2.3.1/stax-ex-1.8.jar,file:/C:/Users/jacob/.m2/repository/com/sun/xml/bind/jaxb-impl/2.3.1/FastInfoset-1.2.15.jar,file:/C:/Users/jacob/.m2/repository/com/sun/xml/bind/jaxb-impl/2.3.1/javax.activation-api-1.2.0.jar
2024-12-03 15:23:49 [restartedMain] INFO  o.s.b.d.e.DevToolsPropertyDefaultsPostProcessor - Devtools property defaults active! Set 'spring.devtools.add-properties' to 'false' to disable
2024-12-03 15:23:49 [restartedMain] INFO  o.s.b.d.e.DevToolsPropertyDefaultsPostProcessor - For additional web related logging consider setting the 'logging.level.web' property to 'DEBUG'
2024-12-03 15:23:50 [restartedMain] INFO  o.s.d.r.c.RepositoryConfigurationDelegate - Bootstrapping Spring Data JPA repositories in DEFAULT mode.
2024-12-03 15:23:50 [restartedMain] INFO  o.s.d.r.c.RepositoryConfigurationDelegate - Finished Spring Data repository scanning in 110 ms. Found 12 JPA repository interfaces.
2024-12-03 15:23:51 [restartedMain] INFO  o.s.b.w.e.tomcat.TomcatWebServer - Tomcat initialized with port 5000 (http)
2024-12-03 15:23:51 [restartedMain] INFO  o.a.coyote.http11.Http11NioProtocol - Initializing ProtocolHandler ["http-nio-5000"]
2024-12-03 15:23:51 [restartedMain] INFO  o.a.catalina.core.StandardService - Starting service [Tomcat]
2024-12-03 15:23:51 [restartedMain] INFO  o.a.catalina.core.StandardEngine - Starting Servlet engine: [Apache Tomcat/10.1.31]
2024-12-03 15:23:51 [restartedMain] INFO  o.a.c.c.C.[Tomcat].[localhost].[/] - Initializing Spring embedded WebApplicationContext
2024-12-03 15:23:51 [restartedMain] INFO  o.s.b.w.s.c.ServletWebServerApplicationContext - Root WebApplicationContext: initialization completed in 2240 ms
2024-12-03 15:23:52 [restartedMain] INFO  o.h.jpa.internal.util.LogHelper - HHH000204: Processing PersistenceUnitInfo [name: default]
2024-12-03 15:23:52 [restartedMain] INFO  org.hibernate.Version - HHH000412: Hibernate ORM core version 6.5.3.Final
2024-12-03 15:23:52 [restartedMain] INFO  o.h.c.i.RegionFactoryInitiator - HHH000026: Second-level cache disabled
2024-12-03 15:23:52 [restartedMain] INFO  o.s.o.j.p.SpringPersistenceUnitInfo - No LoadTimeWeaver setup: ignoring JPA class transformer
2024-12-03 15:23:52 [restartedMain] INFO  com.zaxxer.hikari.HikariDataSource - HikariPool-1 - Starting...
2024-12-03 15:23:52 [restartedMain] INFO  com.zaxxer.hikari.pool.HikariPool - HikariPool-1 - Added connection com.mysql.cj.jdbc.ConnectionImpl@2121f096
2024-12-03 15:23:52 [restartedMain] INFO  com.zaxxer.hikari.HikariDataSource - HikariPool-1 - Start completed.
2024-12-03 15:23:52 [restartedMain] WARN  org.hibernate.dialect.Dialect - HHH000511: The 5.5.5 version for [org.hibernate.dialect.MySQLDialect] is no longer supported, hence certain features may not work properly. The minimum supported version is 8.0.0. Check the community dialects project for available legacy versions.
2024-12-03 15:23:52 [restartedMain] WARN  org.hibernate.orm.deprecation - HHH90000025: MySQLDialect does not need to be specified explicitly using 'hibernate.dialect' (remove the property setting and it will be selected by default)
2024-12-03 15:23:53 [restartedMain] INFO  o.h.e.t.j.p.i.JtaPlatformInitiator - HHH000489: No JTA platform available (set 'hibernate.transaction.jta.platform' to enable JTA platform integration)
2024-12-03 15:23:53 [restartedMain] INFO  o.s.o.j.LocalContainerEntityManagerFactoryBean - Initialized JPA EntityManagerFactory for persistence unit 'default'
2024-12-03 15:23:54 [restartedMain] INFO  o.s.d.j.r.query.QueryEnhancerFactory - Hibernate is in classpath; If applicable, HQL parser will be used.
2024-12-03 15:23:54 [restartedMain] INFO  o.s.s.c.a.a.c.InitializeAuthenticationProviderBeanManagerConfigurer$InitializeAuthenticationProviderManagerConfigurer - Global AuthenticationManager configured with AuthenticationProvider bean with name authenticationProvider
2024-12-03 15:23:54 [restartedMain] WARN  o.s.s.c.a.a.c.InitializeUserDetailsBeanManagerConfigurer$InitializeUserDetailsManagerConfigurer - Global AuthenticationManager configured with an AuthenticationProvider bean. UserDetailsService beans will not be used for username/password login. Consider removing the AuthenticationProvider bean. Alternatively, consider using the UserDetailsService in a manually instantiated DaoAuthenticationProvider.
2024-12-03 15:23:55 [restartedMain] WARN  o.s.b.a.o.j.JpaBaseConfiguration$JpaWebConfiguration - spring.jpa.open-in-view is enabled by default. Therefore, database queries may be performed during view rendering. Explicitly configure spring.jpa.open-in-view to disable this warning
2024-12-03 15:23:55 [restartedMain] DEBUG o.s.w.s.m.m.a.RequestMappingHandlerMapping - 70 mappings in 'requestMappingHandlerMapping'
2024-12-03 15:23:55 [restartedMain] DEBUG o.s.w.s.c.a.WebMvcConfigurer - Default resource handling disabled
2024-12-03 15:23:55 [restartedMain] DEBUG o.s.w.s.m.m.a.RequestMappingHandlerAdapter - ControllerAdvice beans: 0 @ModelAttribute, 0 @InitBinder, 1 RequestBodyAdvice, 1 ResponseBodyAdvice
2024-12-03 15:23:56 [restartedMain] DEBUG o.s.w.s.m.m.a.ExceptionHandlerExceptionResolver - ControllerAdvice beans: 1 @ExceptionHandler, 1 ResponseBodyAdvice
2024-12-03 15:23:56 [restartedMain] INFO  o.s.b.d.a.OptionalLiveReloadServer - LiveReload server is running on port 35729
2024-12-03 15:23:56 [restartedMain] INFO  o.a.coyote.http11.Http11NioProtocol - Starting ProtocolHandler ["http-nio-5000"]
2024-12-03 15:23:56 [restartedMain] INFO  o.s.b.w.e.tomcat.TomcatWebServer - Tomcat started on port 5000 (http) with context path '/'
2024-12-03 15:23:56 [restartedMain] INFO  c.viajaYa.viajaYa.ViajaYaApplication - Started ViajaYaApplication in 7.314 seconds (process running for 7.872)
2024-12-03 15:24:15 [SpringApplicationShutdownHook] INFO  o.s.o.j.LocalContainerEntityManagerFactoryBean - Closing JPA EntityManagerFactory for persistence unit 'default'
2024-12-03 15:24:15 [SpringApplicationShutdownHook] INFO  com.zaxxer.hikari.HikariDataSource - HikariPool-1 - Shutdown initiated...
2024-12-03 15:24:15 [SpringApplicationShutdownHook] INFO  com.zaxxer.hikari.HikariDataSource - HikariPool-1 - Shutdown completed.
2024-12-03 15:24:17 [restartedMain] INFO  c.viajaYa.viajaYa.ViajaYaApplication - Starting ViajaYaApplication using Java 20.0.1 with PID 18984 (C:\Users\jacob\Documents\NetBeansProjects\viajaYa\target\classes started by jacob in C:\Users\jacob\Documents\NetBeansProjects\viajaYa)
2024-12-03 15:24:17 [restartedMain] INFO  c.viajaYa.viajaYa.ViajaYaApplication - No active profile set, falling back to 1 default profile: "default"
2024-12-03 15:24:17 [restartedMain] INFO  o.s.b.d.restart.ChangeableUrls - The Class-Path manifest attribute in C:\Users\jacob\.m2\repository\com\sun\xml\bind\jaxb-impl\2.3.1\jaxb-impl-2.3.1.jar referenced one or more files that do not exist: file:/C:/Users/jacob/.m2/repository/com/sun/xml/bind/jaxb-impl/2.3.1/jaxb-runtime-2.3.1.jar,file:/C:/Users/jacob/.m2/repository/com/sun/xml/bind/jaxb-impl/2.3.1/txw2-2.3.1.jar,file:/C:/Users/jacob/.m2/repository/com/sun/xml/bind/jaxb-impl/2.3.1/istack-commons-runtime-3.0.7.jar,file:/C:/Users/jacob/.m2/repository/com/sun/xml/bind/jaxb-impl/2.3.1/stax-ex-1.8.jar,file:/C:/Users/jacob/.m2/repository/com/sun/xml/bind/jaxb-impl/2.3.1/FastInfoset-1.2.15.jar,file:/C:/Users/jacob/.m2/repository/com/sun/xml/bind/jaxb-impl/2.3.1/javax.activation-api-1.2.0.jar
2024-12-03 15:24:17 [restartedMain] INFO  o.s.b.d.e.DevToolsPropertyDefaultsPostProcessor - Devtools property defaults active! Set 'spring.devtools.add-properties' to 'false' to disable
2024-12-03 15:24:17 [restartedMain] INFO  o.s.b.d.e.DevToolsPropertyDefaultsPostProcessor - For additional web related logging consider setting the 'logging.level.web' property to 'DEBUG'
2024-12-03 15:24:18 [restartedMain] INFO  o.s.d.r.c.RepositoryConfigurationDelegate - Bootstrapping Spring Data JPA repositories in DEFAULT mode.
2024-12-03 15:24:18 [restartedMain] INFO  o.s.d.r.c.RepositoryConfigurationDelegate - Finished Spring Data repository scanning in 127 ms. Found 12 JPA repository interfaces.
2024-12-03 15:24:19 [restartedMain] INFO  o.s.b.w.e.tomcat.TomcatWebServer - Tomcat initialized with port 5000 (http)
2024-12-03 15:24:19 [restartedMain] INFO  o.a.coyote.http11.Http11NioProtocol - Initializing ProtocolHandler ["http-nio-5000"]
2024-12-03 15:24:19 [restartedMain] INFO  o.a.catalina.core.StandardService - Starting service [Tomcat]
2024-12-03 15:24:19 [restartedMain] INFO  o.a.catalina.core.StandardEngine - Starting Servlet engine: [Apache Tomcat/10.1.31]
2024-12-03 15:24:19 [restartedMain] INFO  o.a.c.c.C.[Tomcat].[localhost].[/] - Initializing Spring embedded WebApplicationContext
2024-12-03 15:24:19 [restartedMain] INFO  o.s.b.w.s.c.ServletWebServerApplicationContext - Root WebApplicationContext: initialization completed in 2081 ms
2024-12-03 15:24:19 [restartedMain] INFO  o.h.jpa.internal.util.LogHelper - HHH000204: Processing PersistenceUnitInfo [name: default]
2024-12-03 15:24:19 [restartedMain] INFO  org.hibernate.Version - HHH000412: Hibernate ORM core version 6.5.3.Final
2024-12-03 15:24:19 [restartedMain] INFO  o.h.c.i.RegionFactoryInitiator - HHH000026: Second-level cache disabled
2024-12-03 15:24:20 [restartedMain] INFO  o.s.o.j.p.SpringPersistenceUnitInfo - No LoadTimeWeaver setup: ignoring JPA class transformer
2024-12-03 15:24:20 [restartedMain] INFO  com.zaxxer.hikari.HikariDataSource - HikariPool-1 - Starting...
2024-12-03 15:24:20 [restartedMain] INFO  com.zaxxer.hikari.pool.HikariPool - HikariPool-1 - Added connection com.mysql.cj.jdbc.ConnectionImpl@18a5f3b1
2024-12-03 15:24:20 [restartedMain] INFO  com.zaxxer.hikari.HikariDataSource - HikariPool-1 - Start completed.
2024-12-03 15:24:20 [restartedMain] WARN  org.hibernate.dialect.Dialect - HHH000511: The 5.5.5 version for [org.hibernate.dialect.MySQLDialect] is no longer supported, hence certain features may not work properly. The minimum supported version is 8.0.0. Check the community dialects project for available legacy versions.
2024-12-03 15:24:20 [restartedMain] WARN  org.hibernate.orm.deprecation - HHH90000025: MySQLDialect does not need to be specified explicitly using 'hibernate.dialect' (remove the property setting and it will be selected by default)
2024-12-03 15:24:21 [restartedMain] INFO  o.h.e.t.j.p.i.JtaPlatformInitiator - HHH000489: No JTA platform available (set 'hibernate.transaction.jta.platform' to enable JTA platform integration)
2024-12-03 15:24:21 [restartedMain] INFO  o.s.o.j.LocalContainerEntityManagerFactoryBean - Initialized JPA EntityManagerFactory for persistence unit 'default'
2024-12-03 15:24:21 [restartedMain] INFO  o.s.d.j.r.query.QueryEnhancerFactory - Hibernate is in classpath; If applicable, HQL parser will be used.
2024-12-03 15:24:22 [restartedMain] INFO  o.s.s.c.a.a.c.InitializeAuthenticationProviderBeanManagerConfigurer$InitializeAuthenticationProviderManagerConfigurer - Global AuthenticationManager configured with AuthenticationProvider bean with name authenticationProvider
2024-12-03 15:24:22 [restartedMain] WARN  o.s.s.c.a.a.c.InitializeUserDetailsBeanManagerConfigurer$InitializeUserDetailsManagerConfigurer - Global AuthenticationManager configured with an AuthenticationProvider bean. UserDetailsService beans will not be used for username/password login. Consider removing the AuthenticationProvider bean. Alternatively, consider using the UserDetailsService in a manually instantiated DaoAuthenticationProvider.
2024-12-03 15:24:23 [restartedMain] WARN  o.s.b.a.o.j.JpaBaseConfiguration$JpaWebConfiguration - spring.jpa.open-in-view is enabled by default. Therefore, database queries may be performed during view rendering. Explicitly configure spring.jpa.open-in-view to disable this warning
2024-12-03 15:24:23 [restartedMain] DEBUG o.s.w.s.m.m.a.RequestMappingHandlerMapping - 70 mappings in 'requestMappingHandlerMapping'
2024-12-03 15:24:23 [restartedMain] DEBUG o.s.w.s.c.a.WebMvcConfigurer - Default resource handling disabled
2024-12-03 15:24:23 [restartedMain] DEBUG o.s.w.s.m.m.a.RequestMappingHandlerAdapter - ControllerAdvice beans: 0 @ModelAttribute, 0 @InitBinder, 1 RequestBodyAdvice, 1 ResponseBodyAdvice
2024-12-03 15:24:23 [restartedMain] DEBUG o.s.w.s.m.m.a.ExceptionHandlerExceptionResolver - ControllerAdvice beans: 1 @ExceptionHandler, 1 ResponseBodyAdvice
2024-12-03 15:24:24 [restartedMain] INFO  o.s.b.d.a.OptionalLiveReloadServer - LiveReload server is running on port 35729
2024-12-03 15:24:24 [restartedMain] INFO  o.a.coyote.http11.Http11NioProtocol - Starting ProtocolHandler ["http-nio-5000"]
2024-12-03 15:24:24 [restartedMain] INFO  o.s.b.w.e.tomcat.TomcatWebServer - Tomcat started on port 5000 (http) with context path '/'
2024-12-03 15:24:24 [restartedMain] INFO  c.viajaYa.viajaYa.ViajaYaApplication - Started ViajaYaApplication in 7.391 seconds (process running for 7.885)
2024-12-03 15:25:41 [SpringApplicationShutdownHook] INFO  o.s.o.j.LocalContainerEntityManagerFactoryBean - Closing JPA EntityManagerFactory for persistence unit 'default'
2024-12-03 15:25:41 [SpringApplicationShutdownHook] INFO  com.zaxxer.hikari.HikariDataSource - HikariPool-1 - Shutdown initiated...
2024-12-03 15:25:41 [SpringApplicationShutdownHook] INFO  com.zaxxer.hikari.HikariDataSource - HikariPool-1 - Shutdown completed.
2024-12-03 15:25:45 [restartedMain] INFO  c.viajaYa.viajaYa.ViajaYaApplication - Starting ViajaYaApplication using Java 20.0.1 with PID 28032 (C:\Users\jacob\Documents\NetBeansProjects\viajaYa\target\classes started by jacob in C:\Users\jacob\Documents\NetBeansProjects\viajaYa)
2024-12-03 15:25:45 [restartedMain] INFO  c.viajaYa.viajaYa.ViajaYaApplication - No active profile set, falling back to 1 default profile: "default"
2024-12-03 15:25:45 [restartedMain] INFO  o.s.b.d.restart.ChangeableUrls - The Class-Path manifest attribute in C:\Users\jacob\.m2\repository\com\sun\xml\bind\jaxb-impl\2.3.1\jaxb-impl-2.3.1.jar referenced one or more files that do not exist: file:/C:/Users/jacob/.m2/repository/com/sun/xml/bind/jaxb-impl/2.3.1/jaxb-runtime-2.3.1.jar,file:/C:/Users/jacob/.m2/repository/com/sun/xml/bind/jaxb-impl/2.3.1/txw2-2.3.1.jar,file:/C:/Users/jacob/.m2/repository/com/sun/xml/bind/jaxb-impl/2.3.1/istack-commons-runtime-3.0.7.jar,file:/C:/Users/jacob/.m2/repository/com/sun/xml/bind/jaxb-impl/2.3.1/stax-ex-1.8.jar,file:/C:/Users/jacob/.m2/repository/com/sun/xml/bind/jaxb-impl/2.3.1/FastInfoset-1.2.15.jar,file:/C:/Users/jacob/.m2/repository/com/sun/xml/bind/jaxb-impl/2.3.1/javax.activation-api-1.2.0.jar
2024-12-03 15:25:45 [restartedMain] INFO  o.s.b.d.e.DevToolsPropertyDefaultsPostProcessor - Devtools property defaults active! Set 'spring.devtools.add-properties' to 'false' to disable
2024-12-03 15:25:45 [restartedMain] INFO  o.s.b.d.e.DevToolsPropertyDefaultsPostProcessor - For additional web related logging consider setting the 'logging.level.web' property to 'DEBUG'
2024-12-03 15:25:46 [restartedMain] INFO  o.s.d.r.c.RepositoryConfigurationDelegate - Bootstrapping Spring Data JPA repositories in DEFAULT mode.
2024-12-03 15:25:46 [restartedMain] INFO  o.s.d.r.c.RepositoryConfigurationDelegate - Finished Spring Data repository scanning in 103 ms. Found 12 JPA repository interfaces.
2024-12-03 15:25:47 [restartedMain] INFO  o.s.b.w.e.tomcat.TomcatWebServer - Tomcat initialized with port 5000 (http)
2024-12-03 15:25:47 [restartedMain] INFO  o.a.coyote.http11.Http11NioProtocol - Initializing ProtocolHandler ["http-nio-5000"]
2024-12-03 15:25:47 [restartedMain] INFO  o.a.catalina.core.StandardService - Starting service [Tomcat]
2024-12-03 15:25:47 [restartedMain] INFO  o.a.catalina.core.StandardEngine - Starting Servlet engine: [Apache Tomcat/10.1.31]
2024-12-03 15:25:47 [restartedMain] INFO  o.a.c.c.C.[Tomcat].[localhost].[/] - Initializing Spring embedded WebApplicationContext
2024-12-03 15:25:47 [restartedMain] INFO  o.s.b.w.s.c.ServletWebServerApplicationContext - Root WebApplicationContext: initialization completed in 1919 ms
2024-12-03 15:25:47 [restartedMain] INFO  o.h.jpa.internal.util.LogHelper - HHH000204: Processing PersistenceUnitInfo [name: default]
2024-12-03 15:25:47 [restartedMain] INFO  org.hibernate.Version - HHH000412: Hibernate ORM core version 6.5.3.Final
2024-12-03 15:25:47 [restartedMain] INFO  o.h.c.i.RegionFactoryInitiator - HHH000026: Second-level cache disabled
2024-12-03 15:25:47 [restartedMain] INFO  o.s.o.j.p.SpringPersistenceUnitInfo - No LoadTimeWeaver setup: ignoring JPA class transformer
2024-12-03 15:25:47 [restartedMain] INFO  com.zaxxer.hikari.HikariDataSource - HikariPool-1 - Starting...
2024-12-03 15:25:47 [restartedMain] INFO  com.zaxxer.hikari.pool.HikariPool - HikariPool-1 - Added connection com.mysql.cj.jdbc.ConnectionImpl@78d50928
2024-12-03 15:25:47 [restartedMain] INFO  com.zaxxer.hikari.HikariDataSource - HikariPool-1 - Start completed.
2024-12-03 15:25:47 [restartedMain] WARN  org.hibernate.dialect.Dialect - HHH000511: The 5.5.5 version for [org.hibernate.dialect.MySQLDialect] is no longer supported, hence certain features may not work properly. The minimum supported version is 8.0.0. Check the community dialects project for available legacy versions.
2024-12-03 15:25:47 [restartedMain] WARN  org.hibernate.orm.deprecation - HHH90000025: MySQLDialect does not need to be specified explicitly using 'hibernate.dialect' (remove the property setting and it will be selected by default)
2024-12-03 15:25:48 [restartedMain] INFO  o.h.e.t.j.p.i.JtaPlatformInitiator - HHH000489: No JTA platform available (set 'hibernate.transaction.jta.platform' to enable JTA platform integration)
2024-12-03 15:25:48 [restartedMain] INFO  o.s.o.j.LocalContainerEntityManagerFactoryBean - Initialized JPA EntityManagerFactory for persistence unit 'default'
2024-12-03 15:25:49 [restartedMain] INFO  o.s.d.j.r.query.QueryEnhancerFactory - Hibernate is in classpath; If applicable, HQL parser will be used.
2024-12-03 15:25:49 [restartedMain] INFO  o.s.s.c.a.a.c.InitializeAuthenticationProviderBeanManagerConfigurer$InitializeAuthenticationProviderManagerConfigurer - Global AuthenticationManager configured with AuthenticationProvider bean with name authenticationProvider
2024-12-03 15:25:49 [restartedMain] WARN  o.s.s.c.a.a.c.InitializeUserDetailsBeanManagerConfigurer$InitializeUserDetailsManagerConfigurer - Global AuthenticationManager configured with an AuthenticationProvider bean. UserDetailsService beans will not be used for username/password login. Consider removing the AuthenticationProvider bean. Alternatively, consider using the UserDetailsService in a manually instantiated DaoAuthenticationProvider.
2024-12-03 15:25:50 [restartedMain] WARN  o.s.b.a.o.j.JpaBaseConfiguration$JpaWebConfiguration - spring.jpa.open-in-view is enabled by default. Therefore, database queries may be performed during view rendering. Explicitly configure spring.jpa.open-in-view to disable this warning
2024-12-03 15:25:50 [restartedMain] DEBUG o.s.w.s.m.m.a.RequestMappingHandlerMapping - 70 mappings in 'requestMappingHandlerMapping'
2024-12-03 15:25:50 [restartedMain] DEBUG o.s.w.s.c.a.WebMvcConfigurer - Default resource handling disabled
2024-12-03 15:25:50 [restartedMain] DEBUG o.s.w.s.m.m.a.RequestMappingHandlerAdapter - ControllerAdvice beans: 0 @ModelAttribute, 0 @InitBinder, 1 RequestBodyAdvice, 1 ResponseBodyAdvice
2024-12-03 15:25:50 [restartedMain] DEBUG o.s.w.s.m.m.a.ExceptionHandlerExceptionResolver - ControllerAdvice beans: 1 @ExceptionHandler, 1 ResponseBodyAdvice
2024-12-03 15:25:50 [restartedMain] INFO  o.s.b.d.a.OptionalLiveReloadServer - LiveReload server is running on port 35729
2024-12-03 15:25:50 [restartedMain] INFO  o.a.coyote.http11.Http11NioProtocol - Starting ProtocolHandler ["http-nio-5000"]
2024-12-03 15:25:50 [restartedMain] INFO  o.s.b.w.e.tomcat.TomcatWebServer - Tomcat started on port 5000 (http) with context path '/'
2024-12-03 15:25:50 [restartedMain] INFO  c.viajaYa.viajaYa.ViajaYaApplication - Started ViajaYaApplication in 6.266 seconds (process running for 6.746)
2024-12-03 15:26:29 [SpringApplicationShutdownHook] INFO  o.s.o.j.LocalContainerEntityManagerFactoryBean - Closing JPA EntityManagerFactory for persistence unit 'default'
2024-12-03 15:26:29 [SpringApplicationShutdownHook] INFO  com.zaxxer.hikari.HikariDataSource - HikariPool-1 - Shutdown initiated...
2024-12-03 15:26:29 [SpringApplicationShutdownHook] INFO  com.zaxxer.hikari.HikariDataSource - HikariPool-1 - Shutdown completed.
2024-12-03 15:26:33 [restartedMain] INFO  c.viajaYa.viajaYa.ViajaYaApplication - Starting ViajaYaApplication using Java 20.0.1 with PID 18356 (C:\Users\jacob\Documents\NetBeansProjects\viajaYa\target\classes started by jacob in C:\Users\jacob\Documents\NetBeansProjects\viajaYa)
2024-12-03 15:26:33 [restartedMain] INFO  c.viajaYa.viajaYa.ViajaYaApplication - No active profile set, falling back to 1 default profile: "default"
2024-12-03 15:26:33 [restartedMain] INFO  o.s.b.d.restart.ChangeableUrls - The Class-Path manifest attribute in C:\Users\jacob\.m2\repository\com\sun\xml\bind\jaxb-impl\2.3.1\jaxb-impl-2.3.1.jar referenced one or more files that do not exist: file:/C:/Users/jacob/.m2/repository/com/sun/xml/bind/jaxb-impl/2.3.1/jaxb-runtime-2.3.1.jar,file:/C:/Users/jacob/.m2/repository/com/sun/xml/bind/jaxb-impl/2.3.1/txw2-2.3.1.jar,file:/C:/Users/jacob/.m2/repository/com/sun/xml/bind/jaxb-impl/2.3.1/istack-commons-runtime-3.0.7.jar,file:/C:/Users/jacob/.m2/repository/com/sun/xml/bind/jaxb-impl/2.3.1/stax-ex-1.8.jar,file:/C:/Users/jacob/.m2/repository/com/sun/xml/bind/jaxb-impl/2.3.1/FastInfoset-1.2.15.jar,file:/C:/Users/jacob/.m2/repository/com/sun/xml/bind/jaxb-impl/2.3.1/javax.activation-api-1.2.0.jar
2024-12-03 15:26:33 [restartedMain] INFO  o.s.b.d.e.DevToolsPropertyDefaultsPostProcessor - Devtools property defaults active! Set 'spring.devtools.add-properties' to 'false' to disable
2024-12-03 15:26:33 [restartedMain] INFO  o.s.b.d.e.DevToolsPropertyDefaultsPostProcessor - For additional web related logging consider setting the 'logging.level.web' property to 'DEBUG'
2024-12-03 15:26:34 [restartedMain] INFO  o.s.d.r.c.RepositoryConfigurationDelegate - Bootstrapping Spring Data JPA repositories in DEFAULT mode.
2024-12-03 15:26:34 [restartedMain] INFO  o.s.d.r.c.RepositoryConfigurationDelegate - Finished Spring Data repository scanning in 107 ms. Found 12 JPA repository interfaces.
2024-12-03 15:26:35 [restartedMain] INFO  o.s.b.w.e.tomcat.TomcatWebServer - Tomcat initialized with port 5000 (http)
2024-12-03 15:26:35 [restartedMain] INFO  o.a.coyote.http11.Http11NioProtocol - Initializing ProtocolHandler ["http-nio-5000"]
2024-12-03 15:26:35 [restartedMain] INFO  o.a.catalina.core.StandardService - Starting service [Tomcat]
2024-12-03 15:26:35 [restartedMain] INFO  o.a.catalina.core.StandardEngine - Starting Servlet engine: [Apache Tomcat/10.1.31]
2024-12-03 15:26:35 [restartedMain] INFO  o.a.c.c.C.[Tomcat].[localhost].[/] - Initializing Spring embedded WebApplicationContext
2024-12-03 15:26:35 [restartedMain] INFO  o.s.b.w.s.c.ServletWebServerApplicationContext - Root WebApplicationContext: initialization completed in 2069 ms
2024-12-03 15:26:35 [restartedMain] INFO  o.h.jpa.internal.util.LogHelper - HHH000204: Processing PersistenceUnitInfo [name: default]
2024-12-03 15:26:35 [restartedMain] INFO  org.hibernate.Version - HHH000412: Hibernate ORM core version 6.5.3.Final
2024-12-03 15:26:35 [restartedMain] INFO  o.h.c.i.RegionFactoryInitiator - HHH000026: Second-level cache disabled
2024-12-03 15:26:35 [restartedMain] INFO  o.s.o.j.p.SpringPersistenceUnitInfo - No LoadTimeWeaver setup: ignoring JPA class transformer
2024-12-03 15:26:35 [restartedMain] INFO  com.zaxxer.hikari.HikariDataSource - HikariPool-1 - Starting...
2024-12-03 15:26:36 [restartedMain] INFO  com.zaxxer.hikari.pool.HikariPool - HikariPool-1 - Added connection com.mysql.cj.jdbc.ConnectionImpl@184b59c9
2024-12-03 15:26:36 [restartedMain] INFO  com.zaxxer.hikari.HikariDataSource - HikariPool-1 - Start completed.
2024-12-03 15:26:36 [restartedMain] WARN  org.hibernate.dialect.Dialect - HHH000511: The 5.5.5 version for [org.hibernate.dialect.MySQLDialect] is no longer supported, hence certain features may not work properly. The minimum supported version is 8.0.0. Check the community dialects project for available legacy versions.
2024-12-03 15:26:36 [restartedMain] WARN  org.hibernate.orm.deprecation - HHH90000025: MySQLDialect does not need to be specified explicitly using 'hibernate.dialect' (remove the property setting and it will be selected by default)
2024-12-03 15:26:37 [restartedMain] INFO  o.h.e.t.j.p.i.JtaPlatformInitiator - HHH000489: No JTA platform available (set 'hibernate.transaction.jta.platform' to enable JTA platform integration)
2024-12-03 15:26:37 [restartedMain] INFO  o.s.o.j.LocalContainerEntityManagerFactoryBean - Initialized JPA EntityManagerFactory for persistence unit 'default'
2024-12-03 15:26:37 [restartedMain] INFO  o.s.d.j.r.query.QueryEnhancerFactory - Hibernate is in classpath; If applicable, HQL parser will be used.
2024-12-03 15:26:37 [restartedMain] INFO  o.s.s.c.a.a.c.InitializeAuthenticationProviderBeanManagerConfigurer$InitializeAuthenticationProviderManagerConfigurer - Global AuthenticationManager configured with AuthenticationProvider bean with name authenticationProvider
2024-12-03 15:26:37 [restartedMain] WARN  o.s.s.c.a.a.c.InitializeUserDetailsBeanManagerConfigurer$InitializeUserDetailsManagerConfigurer - Global AuthenticationManager configured with an AuthenticationProvider bean. UserDetailsService beans will not be used for username/password login. Consider removing the AuthenticationProvider bean. Alternatively, consider using the UserDetailsService in a manually instantiated DaoAuthenticationProvider.
2024-12-03 15:26:38 [restartedMain] WARN  o.s.b.a.o.j.JpaBaseConfiguration$JpaWebConfiguration - spring.jpa.open-in-view is enabled by default. Therefore, database queries may be performed during view rendering. Explicitly configure spring.jpa.open-in-view to disable this warning
2024-12-03 15:26:38 [restartedMain] DEBUG o.s.w.s.m.m.a.RequestMappingHandlerMapping - 70 mappings in 'requestMappingHandlerMapping'
2024-12-03 15:26:38 [restartedMain] DEBUG o.s.w.s.c.a.WebMvcConfigurer - Default resource handling disabled
2024-12-03 15:26:38 [restartedMain] DEBUG o.s.w.s.m.m.a.RequestMappingHandlerAdapter - ControllerAdvice beans: 0 @ModelAttribute, 0 @InitBinder, 1 RequestBodyAdvice, 1 ResponseBodyAdvice
2024-12-03 15:26:39 [restartedMain] DEBUG o.s.w.s.m.m.a.ExceptionHandlerExceptionResolver - ControllerAdvice beans: 1 @ExceptionHandler, 1 ResponseBodyAdvice
2024-12-03 15:26:39 [restartedMain] INFO  o.s.b.d.a.OptionalLiveReloadServer - LiveReload server is running on port 35729
2024-12-03 15:26:39 [restartedMain] INFO  o.a.coyote.http11.Http11NioProtocol - Starting ProtocolHandler ["http-nio-5000"]
2024-12-03 15:26:39 [restartedMain] INFO  o.s.b.w.e.tomcat.TomcatWebServer - Tomcat started on port 5000 (http) with context path '/'
2024-12-03 15:26:39 [restartedMain] INFO  c.viajaYa.viajaYa.ViajaYaApplication - Started ViajaYaApplication in 6.602 seconds (process running for 7.124)
2024-12-03 15:27:01 [http-nio-5000-exec-5] INFO  o.a.c.c.C.[Tomcat].[localhost].[/] - Initializing Spring DispatcherServlet 'dispatcherServlet'
2024-12-03 15:27:01 [http-nio-5000-exec-5] INFO  o.s.web.servlet.DispatcherServlet - Initializing Servlet 'dispatcherServlet'
2024-12-03 15:27:01 [http-nio-5000-exec-5] DEBUG o.s.web.servlet.DispatcherServlet - Detected StandardServletMultipartResolver
2024-12-03 15:27:01 [http-nio-5000-exec-5] DEBUG o.s.web.servlet.DispatcherServlet - Detected AcceptHeaderLocaleResolver
2024-12-03 15:27:01 [http-nio-5000-exec-5] DEBUG o.s.web.servlet.DispatcherServlet - Detected FixedThemeResolver
2024-12-03 15:27:01 [http-nio-5000-exec-5] DEBUG o.s.web.servlet.DispatcherServlet - Detected org.springframework.web.servlet.view.DefaultRequestToViewNameTranslator@babc763
2024-12-03 15:27:01 [http-nio-5000-exec-5] DEBUG o.s.web.servlet.DispatcherServlet - Detected org.springframework.web.servlet.support.SessionFlashMapManager@410e5436
2024-12-03 15:27:01 [http-nio-5000-exec-5] DEBUG o.s.web.servlet.DispatcherServlet - enableLoggingRequestDetails='false': request parameters and headers will be masked to prevent unsafe logging of potentially sensitive data
2024-12-03 15:27:01 [http-nio-5000-exec-5] INFO  o.s.web.servlet.DispatcherServlet - Completed initialization in 2 ms
2024-12-03 15:27:01 [http-nio-5000-exec-5] DEBUG o.s.web.servlet.DispatcherServlet - POST "/auth/register", parameters={}
2024-12-03 15:27:01 [http-nio-5000-exec-5] DEBUG o.s.w.s.m.m.a.RequestMappingHandlerMapping - Mapped to com.viajaYa.viajaYa.controllers.AuthController#register(RegisterRequest)
2024-12-03 15:27:01 [http-nio-5000-exec-5] DEBUG o.s.w.s.m.m.a.RequestResponseBodyMethodProcessor - Read "application/json;charset=UTF-8" to [RegisterRequest(username=dar, password=abc123, nombre=Dar, identificacion=sfsfw45345345, direccion=k (truncated)...]
2024-12-03 15:27:01 [http-nio-5000-exec-5] INFO  c.v.viajaYa.utils.ApplicationLogger - Request: URL=/auth/register, Method=POST, Params=[RegisterRequest(username=dar, password=abc123, nombre=Dar, identificacion=sfsfw45345345, direccion=knq8i2912hn aksdbt, correoElectronico=dar@example.com, role=0)]
2024-12-03 15:27:01 [http-nio-5000-exec-5] DEBUG o.s.w.s.m.m.a.ExceptionHandlerExceptionResolver - Using @ExceptionHandler com.viajaYa.viajaYa.utils.exceptions.GlobalExceptionHandler#handleBusinessException(BusinessException)
2024-12-03 15:27:01 [http-nio-5000-exec-5] DEBUG o.s.w.s.m.m.a.HttpEntityMethodProcessor - Using 'application/json', given [*/*] and supported [application/json, application/*+json]
2024-12-03 15:27:01 [http-nio-5000-exec-5] DEBUG o.s.w.s.m.m.a.HttpEntityMethodProcessor - Writing [{respuestaExitosa=false, mensaje=Error con el proceso, errors={detail=El usuario ya se encuentra reg (truncated)...]
2024-12-03 15:27:01 [http-nio-5000-exec-5] WARN  o.s.w.s.m.m.a.ExceptionHandlerExceptionResolver - Resolved [com.viajaYa.viajaYa.utils.exceptions.BusinessException: El usuario ya se encuentra registrado]
2024-12-03 15:27:01 [http-nio-5000-exec-5] DEBUG o.s.web.servlet.DispatcherServlet - Completed 400 BAD_REQUEST
2024-12-03 15:27:06 [http-nio-5000-exec-4] DEBUG o.s.web.servlet.DispatcherServlet - POST "/auth/login", parameters={}
2024-12-03 15:27:06 [http-nio-5000-exec-4] DEBUG o.s.w.s.m.m.a.RequestMappingHandlerMapping - Mapped to com.viajaYa.viajaYa.controllers.AuthController#login(LoginRequest)
2024-12-03 15:27:06 [http-nio-5000-exec-4] DEBUG o.s.w.s.m.m.a.RequestResponseBodyMethodProcessor - Read "application/json;charset=UTF-8" to [com.viajaYa.viajaYa.security.jwt.LoginRequest@66510590]
2024-12-03 15:27:06 [http-nio-5000-exec-4] INFO  c.v.viajaYa.utils.ApplicationLogger - Request: URL=/auth/login, Method=POST, Params=[com.viajaYa.viajaYa.security.jwt.LoginRequest@66510590]
2024-12-03 15:27:06 [http-nio-5000-exec-4] DEBUG o.s.w.s.m.m.a.HttpEntityMethodProcessor - Using 'application/json', given [*/*] and supported [application/json, application/*+json]
2024-12-03 15:27:06 [http-nio-5000-exec-4] DEBUG o.s.w.s.m.m.a.HttpEntityMethodProcessor - Writing [AuthResponse(respuestaExitosa=true, mensaje=Token generado exitosamente, token=eyJhbGciOiJIUzI1NiJ9. (truncated)...]
2024-12-03 15:27:06 [http-nio-5000-exec-4] DEBUG o.s.web.servlet.DispatcherServlet - Completed 200 OK
2024-12-03 15:27:18 [http-nio-5000-exec-2] DEBUG o.s.web.servlet.DispatcherServlet - GET "/vuelo", parameters={}
2024-12-03 15:27:18 [http-nio-5000-exec-2] DEBUG o.s.w.s.m.m.a.RequestMappingHandlerMapping - Mapped to com.viajaYa.viajaYa.controllers.VueloController#getVuelos()
2024-12-03 15:27:18 [http-nio-5000-exec-2] INFO  c.v.viajaYa.utils.ApplicationLogger - Request: URL=/vuelo, Method=GET, Params=[]
2024-12-03 15:27:18 [http-nio-5000-exec-2] DEBUG o.s.w.s.m.m.a.HttpEntityMethodProcessor - Using 'application/json', given [*/*] and supported [application/json, application/*+json]
2024-12-03 15:27:18 [http-nio-5000-exec-2] DEBUG o.s.w.s.m.m.a.HttpEntityMethodProcessor - Writing [com.viajaYa.viajaYa.utils.responses.ApiResponse@11cb55f1]
2024-12-03 15:27:18 [http-nio-5000-exec-2] DEBUG o.s.web.servlet.DispatcherServlet - Completed 200 OK
2024-12-03 15:27:28 [http-nio-5000-exec-7] DEBUG o.s.web.servlet.DispatcherServlet - POST "/auth/register", parameters={}
2024-12-03 15:27:28 [http-nio-5000-exec-7] DEBUG o.s.w.s.m.m.a.RequestMappingHandlerMapping - Mapped to com.viajaYa.viajaYa.controllers.AuthController#register(RegisterRequest)
2024-12-03 15:27:28 [http-nio-5000-exec-7] DEBUG o.s.w.s.m.m.a.RequestResponseBodyMethodProcessor - Read "application/json;charset=UTF-8" to [RegisterRequest(username=dar1, password=abc123, nombre=Dar, identificacion=sfsfw45345345, direccion= (truncated)...]
2024-12-03 15:27:28 [http-nio-5000-exec-7] INFO  c.v.viajaYa.utils.ApplicationLogger - Request: URL=/auth/register, Method=POST, Params=[RegisterRequest(username=dar1, password=abc123, nombre=Dar, identificacion=sfsfw45345345, direccion=knq8i2912hn aksdbt, correoElectronico=dar@example.com, role=0)]
2024-12-03 15:27:28 [http-nio-5000-exec-7] DEBUG o.s.w.s.m.m.a.ExceptionHandlerExceptionResolver - Using @ExceptionHandler com.viajaYa.viajaYa.utils.exceptions.GlobalExceptionHandler#handleBusinessException(BusinessException)
2024-12-03 15:27:28 [http-nio-5000-exec-7] DEBUG o.s.w.s.m.m.a.HttpEntityMethodProcessor - Using 'application/json', given [*/*] and supported [application/json, application/*+json]
2024-12-03 15:27:28 [http-nio-5000-exec-7] DEBUG o.s.w.s.m.m.a.HttpEntityMethodProcessor - Writing [{respuestaExitosa=false, mensaje=Error con el proceso, errors={detail=La identificación ya se encuen (truncated)...]
2024-12-03 15:27:28 [http-nio-5000-exec-7] WARN  o.s.w.s.m.m.a.ExceptionHandlerExceptionResolver - Resolved [com.viajaYa.viajaYa.utils.exceptions.BusinessException: La identificación ya se encuentra registrada]
2024-12-03 15:27:28 [http-nio-5000-exec-7] DEBUG o.s.web.servlet.DispatcherServlet - Completed 400 BAD_REQUEST
2024-12-03 15:27:31 [http-nio-5000-exec-8] DEBUG o.s.web.servlet.DispatcherServlet - POST "/auth/register", parameters={}
2024-12-03 15:27:31 [http-nio-5000-exec-8] DEBUG o.s.w.s.m.m.a.RequestMappingHandlerMapping - Mapped to com.viajaYa.viajaYa.controllers.AuthController#register(RegisterRequest)
2024-12-03 15:27:31 [http-nio-5000-exec-8] DEBUG o.s.w.s.m.m.a.RequestResponseBodyMethodProcessor - Read "application/json;charset=UTF-8" to [RegisterRequest(username=dar1, password=abc123, nombre=Dar, identificacion=sfsfw45345345d, direccion (truncated)...]
2024-12-03 15:27:31 [http-nio-5000-exec-8] INFO  c.v.viajaYa.utils.ApplicationLogger - Request: URL=/auth/register, Method=POST, Params=[RegisterRequest(username=dar1, password=abc123, nombre=Dar, identificacion=sfsfw45345345d, direccion=knq8i2912hn aksdbt, correoElectronico=dar@example.com, role=0)]
2024-12-03 15:27:31 [http-nio-5000-exec-8] DEBUG o.s.w.s.m.m.a.ExceptionHandlerExceptionResolver - Using @ExceptionHandler com.viajaYa.viajaYa.utils.exceptions.GlobalExceptionHandler#handleBusinessException(BusinessException)
2024-12-03 15:27:31 [http-nio-5000-exec-8] DEBUG o.s.w.s.m.m.a.HttpEntityMethodProcessor - Using 'application/json', given [*/*] and supported [application/json, application/*+json]
2024-12-03 15:27:31 [http-nio-5000-exec-8] DEBUG o.s.w.s.m.m.a.HttpEntityMethodProcessor - Writing [{respuestaExitosa=false, mensaje=Error con el proceso, errors={detail=El correo electronico ya se en (truncated)...]
2024-12-03 15:27:31 [http-nio-5000-exec-8] WARN  o.s.w.s.m.m.a.ExceptionHandlerExceptionResolver - Resolved [com.viajaYa.viajaYa.utils.exceptions.BusinessException: El correo electronico ya se encuentra registrado]
2024-12-03 15:27:31 [http-nio-5000-exec-8] DEBUG o.s.web.servlet.DispatcherServlet - Completed 400 BAD_REQUEST
2024-12-03 15:27:35 [http-nio-5000-exec-9] DEBUG o.s.web.servlet.DispatcherServlet - POST "/auth/register", parameters={}
2024-12-03 15:27:35 [http-nio-5000-exec-9] DEBUG o.s.w.s.m.m.a.RequestMappingHandlerMapping - Mapped to com.viajaYa.viajaYa.controllers.AuthController#register(RegisterRequest)
2024-12-03 15:27:35 [http-nio-5000-exec-9] DEBUG o.s.w.s.m.m.a.RequestResponseBodyMethodProcessor - Read "application/json;charset=UTF-8" to [RegisterRequest(username=dar1, password=abc123, nombre=Dar, identificacion=sfsfw45345345d, direccion (truncated)...]
2024-12-03 15:27:35 [http-nio-5000-exec-9] INFO  c.v.viajaYa.utils.ApplicationLogger - Request: URL=/auth/register, Method=POST, Params=[RegisterRequest(username=dar1, password=abc123, nombre=Dar, identificacion=sfsfw45345345d, direccion=knq8i2912hn aksdbt, correoElectronico=dar2@example.com, role=0)]
2024-12-03 15:27:35 [http-nio-5000-exec-9] DEBUG o.s.w.s.m.m.a.HttpEntityMethodProcessor - Using 'application/json', given [*/*] and supported [application/json, application/*+json]
2024-12-03 15:27:35 [http-nio-5000-exec-9] DEBUG o.s.w.s.m.m.a.HttpEntityMethodProcessor - Writing [AuthResponse(respuestaExitosa=true, mensaje=Usuario registrado exitosamente, token=eyJhbGciOiJIUzI1N (truncated)...]
2024-12-03 15:27:35 [http-nio-5000-exec-9] DEBUG o.s.web.servlet.DispatcherServlet - Completed 200 OK
2024-12-03 15:28:04 [SpringApplicationShutdownHook] INFO  o.s.o.j.LocalContainerEntityManagerFactoryBean - Closing JPA EntityManagerFactory for persistence unit 'default'
2024-12-03 15:28:04 [SpringApplicationShutdownHook] INFO  com.zaxxer.hikari.HikariDataSource - HikariPool-1 - Shutdown initiated...
2024-12-03 15:28:04 [SpringApplicationShutdownHook] INFO  com.zaxxer.hikari.HikariDataSource - HikariPool-1 - Shutdown completed.
